rankdate,Mkt,LLTG_RET,HLTG_RET,LLTG_error,HLTG_error
198112,-0.028096,-0.0213980349386378,-0.0424549846302386,-0.0647083652680952,-0.357557332155512
198201,-0.026209,0.0122386890671594,-0.0254456552255254,-0.0493360478985029,-0.349760763309013
198202,-0.051126,-0.026794744379611,-0.116379263926131,-0.0807117600108647,-0.281366734451799
198203,-0.010101,0.024759901011396,-0.0695974231166082,-0.0771125275583663,-0.245584153042519
198204,0.043269,0.00578104481854024,0.0479662013654098,-0.0681942545317915,-0.219041268477083
198205,-0.028213,-0.00442275906832028,-0.0536457516150937,-0.11590492904814,-0.247745180583038
198206,-0.023913,-0.0209227979544821,-0.0367426632729308,-0.0879430164080278,-0.275617353638957
198207,-0.020525,0.00222535398825989,-0.0223481631906099,-0.113486896031006,-0.313959360682726
198208,0.119016,0.114856196599183,0.131825873363704,-0.0941635499974013,-0.255832402443548
198209,0.016766,0.00788752111965779,-0.00153123223189172,-0.0698969404445488,-0.270074391476553
198210,0.118632,0.0617486011201979,0.214887971152157,-0.0917245144214005,-0.231470676531697
198211,0.051941,0.00820804844079873,0.13834068254279,-0.0686229970843657,-0.221447317761239
198212,0.01451,0.035959230391489,-0.0164447857288723,-0.0691949577493778,-0.236421291570036
198301,0.041844,0.0466597404685044,0.0642025249600117,-0.0783976781601775,-0.201645155420976
198302,0.030215,0.013701130782518,0.0220015366444422,-0.0129573149840867,-0.256149934142182
198303,0.034678,-0.000914594403471868,0.0363935928105766,-0.0199585667048567,-0.229693816961342
198304,0.074185,0.0629352374562631,0.0388685433122234,-0.0215435429408818,-0.256380149471119
198305,0.013225,0.00637208589253581,0.052868906948564,-0.0176583140327874,-0.293283074947398
198306,0.037837,-0.00238465785862937,0.0525256318731576,-0.068891770459612,-0.254979850845695
198307,-0.03157,-0.00176291022252264,-0.0745053865689902,-0.0821181669248373,-0.253365077076117
198308,0.003465,0.0558462364629627,-0.0203476951154106,-0.0795657992630235,-0.245722899793685
198309,0.016027,0.00803130706991187,-0.00406697072944935,-0.0799552220759683,-0.229255595335813
198310,-0.028038,0.0112451342088168,-0.112056555533391,-0.0891363900612137,-0.191394206328034
198311,0.029556,0.00585368492531709,0.0581911084960888,-0.0907891446793597,-0.189295815979465
198312,-0.010464,-0.025381648206756,-0.00784473064813613,-0.0230739617516579,-0.173074152814518
198401,-0.013025,0.0544878330327343,-0.0616189778053858,-0.0307733916638307,-0.169225620294244
198402,-0.039073,-0.00169214459460333,-0.0589066927967385,-0.0669765188972152,-0.174381826582773
198403,0.01339,0.000136073156138775,0.0142837064486849,-0.0845777402524582,-0.167223699146224
198404,0.002538,0.0314633272657017,0.0255617542610566,-0.0827693466492652,-0.158458887983699
198405,-0.05232,-0.0415103805522539,-0.0617992840888114,-0.0803474349150792,-0.117996570553701
198406,0.023384,0.0174503506768153,0.042306101334529,-0.0971874452890974,-0.103013179355022
198407,-0.020623,0.0205003242542669,-0.0215438932241628,-0.0922244339746851,-0.10483505343606
198408,0.112691,0.0803814623813456,0.132529945529272,-0.092922297429406,-0.144795597500065
198409,0.000403,0.040526963150183,-0.0442317971225826,-0.0929816486780306,-0.124186916106141
198410,-7.3e-05,0.00293279875657954,-0.00819870387419917,-0.0914447204941075,-0.140258635466487
198411,-0.010685,0.0123063183680311,-0.04645883858551,-0.0737500937075197,-0.164567993593465
198412,0.023653,0.0332169320126724,0.0170493928362112,-0.0740893794218054,-0.187925990108575
198501,0.085719,0.0317860004035236,0.131332216955435,-0.0698434890415144,-0.232824675608624
198502,0.016898,0.00928664020448759,-0.0126060062602634,-0.103569715228215,-0.264262090355973
198503,-0.001747,0.0359276635521954,-0.04568486769389,-0.1352478707292,-0.268082105293235
198504,-0.002187,0.0167783885265987,-0.0371008408564907,-0.120686628517796,-0.268767068542163
198505,0.055774,0.0433288415699919,0.0755904941657485,-0.100340840476627,-0.263687666630214
198506,0.017091,0.0247537868442213,0.0285619590335414,-0.129018968626506,-0.271206121789886
198507,-0.000251,-0.031609197111704,0.00442041464100146,-0.124592643707426,-0.260836557598853
198508,-0.004794,0.0155785208850275,-0.0279128147670176,-0.132403371447086,-0.272435758328435
198509,-0.039826,-0.0301741818188251,-0.0513794722509418,-0.112880668399783,-0.267392386161866
198510,0.044441,0.062776284542309,0.058964672629866,-0.117703677455222,-0.269764955970264
198511,0.069228,0.0169358689474718,0.103650458106517,-0.121946709690389,-0.235396656047319
198512,0.043061,0.0341627421367357,0.0535856738001047,-0.0975901464489112,-0.239117672592691
198601,0.00983,0.0104689753013407,0.0433824497584614,-0.10573597115077,-0.226382372465276
198602,0.072501,0.0570178220425787,0.0896149989844646,-0.051423872803472,-0.15108014351388
198603,0.053887,0.0487045002969419,0.043652280932471,-0.0837985874183132,-0.150557064314107
198604,-0.007903,-0.0351998068855503,-0.00661809411265807,-0.0947324034662989,-0.143557388221273
198605,0.050847,0.0457657042317909,0.0680977487484658,-0.0872420908315029,-0.152822613012927
198606,0.014244,0.019848276602054,-0.00595345782972099,-0.0867888025632696,-0.148228895973395
198607,-0.0597,-0.00452736310252228,-0.055975919850578,-0.0761411056672256,-0.16638651934642
198608,0.066183,0.116462441096693,0.0567440360100708,-0.0796476193021912,-0.153751625734855
198609,-0.07902,-0.0537538153318717,-0.119681762924715,-0.0802132106674793,-0.154641051527397
198610,0.049305,0.0501017358171234,0.070879668413031,-0.0812856751929749,-0.168403265403713
198611,0.015093,0.0208951018854892,0.0324250499048416,-0.0866428240588094,-0.173216991836093
198612,-0.026387,-0.0214088632770665,-0.0327130313346573,-0.0838991799700563,-0.19052914652834
198701,0.128499,0.137348951673079,0.179741324036561,-0.0966326295246202,-0.262852553765202
198702,0.047922,-0.0216665589160647,0.0988081790668872,-0.0849468251521358,-0.249773803369789
198703,0.023664,0.0653260995713575,0.0153793551403596,-0.0780287522346583,-0.244874813437795
198704,-0.016996,0.00150408350811875,-0.0120826315921391,-0.0671738862240311,-0.259617861306862
198705,0.005123,0.00172035937192846,0.0141684285234232,-0.0637406521682497,-0.271425970991381
198706,0.043655,0.041085924271632,0.0413437841644358,-0.10018154423392,-0.253885754016124
198707,0.044247,0.0192891741345944,0.0566084590940119,-0.0779604259949723,-0.24456657909208
198708,0.037147,0.0379524805176926,0.0767181398043352,-0.0757128481522668,-0.234382287381249
198709,-0.020773,-0.0324600045453175,-0.0312094702528456,-0.086557941818465,-0.240673984162732
198710,-0.225361,-0.149611289640807,-0.243899487665308,-0.0830358893598322,-0.234278024754269
198711,-0.072272,-0.073077048087279,-0.10794933387025,-0.0774239525576809,-0.219303287362202
198712,0.070324,0.0451136311585432,0.0827925764699679,-0.0754758445516083,-0.216883990530838
198801,0.044875,0.0998406150692331,0.000572600851151787,-0.0852124910004432,-0.224075488428012
198802,0.051691,0.0173292674257404,0.0685152700393607,-0.0633697007450705,-0.202181425835165
198803,-0.016598,-0.0259143270955615,-0.0477656405463916,-0.0618456549462893,-0.207175032908292
198804,0.010993,0.0295025922042571,-0.00370074149870766,-0.0554949389305959,-0.22867895326497
198805,0.000447,0.0288823510253431,-0.0107192582083586,-0.0580743945262722,-0.212103981670094
198806,0.051457,0.0360047033287407,0.0676859955704347,-0.0672215179571772,-0.197206327941712
198807,-0.007272,0.0122161589483371,-0.0035647413084839,-0.0732218309995418,-0.200671271966542
198808,-0.028006,-0.0260799288422042,-0.0428896694202394,-0.0719615881732174,-0.211494924101329
198809,0.037204,0.0188571596754845,0.062718596753562,-0.0879631460777307,-0.203866931400287
198810,0.017645,0.0297073539241925,-0.00257845047866194,-0.0790375758531382,-0.221253856415881
198811,-0.016411,-0.010062144953907,-0.019544528201385,-0.084420687175439,-0.263703318894076
198812,0.021071,0.0104457219744822,0.0419269049376336,-0.0844964447511965,-0.250713968178456
198901,0.066101,0.0648324409429338,0.0797024933439109,-0.0762159106408392,-0.197934868341476
198902,-0.016442,-0.031716081492525,-0.0252569225551423,-0.138288772882361,-0.251770550107173
198903,0.021465,0.020703227259671,0.0325622883784373,-0.164021696854944,-0.263420312473332
198904,0.048207,0.0335760082314924,0.0783844307325709,-0.147534055703896,-0.273016831586005
198905,0.039336,0.0354154225706831,0.0765182618864822,-0.145193759480635,-0.279312168651254
198906,-0.004856,0.0124045026403343,-0.0225916138272487,-0.152035527306035,-0.278294294185807
198907,0.077128,0.0602911007822915,0.118129790543031,-0.155306917977999,-0.267203863989077
198908,0.022126,0.00827338033916452,0.021432979591204,-0.155078580046869,-0.254508239543293
198909,-0.001473,0.00726337813218954,0.0251245408848631,-0.149900191612963,-0.265201820466343
198910,-0.029285,-0.00177589838505321,0.000508446332921799,-0.150361069690462,-0.279804749007027
198911,0.017816,0.0183635808458606,0.0134284923720195,-0.155783757953596,-0.262017536370601
198912,0.018294,0.0388247856312098,-0.0127406153560487,-0.118281379451576,-0.256711752621337
199001,-0.070114,-0.058467407667645,-0.0769089676485762,-0.122752590362139,-0.249799355124476
199002,0.0149,0.0127321851530386,0.0161884227520457,-0.0626159661732685,-0.229066406055354
199003,0.024148,0.0146528853460894,0.062572630470707,-0.0338902768840021,-0.228622387638726
199004,-0.028283,-0.0406989895415797,0.0029296842657718,-0.0773914252740357,-0.220860290559058
199005,0.088935,0.0678247817177631,0.131548507462961,-0.0860482384877914,-0.21373418549684
199006,-0.004193,-0.0143712731986131,0.0303370416326614,-0.0662489608072427,-0.208349734493496
199007,-0.009392,-0.00102165885981945,-0.0217904488850927,-0.0495783771012792,-0.210689588466687
199008,-0.091903,-0.0947297584344193,-0.0911864444335939,-0.0619471249904716,-0.190308862804126
199009,-0.053844,-0.0134729446661246,-0.0638458656848036,-0.0621501956283903,-0.191131939892794
199010,-0.012499,0.0548254362142655,-0.0175855999376028,-0.0599772350441237,-0.219573443703559
199011,0.065742,0.0173552921645006,0.066319865653415,-0.0499706756822747,-0.217406842670905
199012,0.029511,0.0117731722356061,0.0316584319232779,-0.0388099964604496,-0.207492442120243
199101,0.049083,0.0140820196727881,0.075951547892865,-0.049758572642241,-0.214392844149177
199102,0.075848,0.0539551176286821,0.102350943773238,0.00289190586080909,-0.23225666202725
199103,0.028922,0.0153065205964253,0.0210602311657853,-0.00118580828417523,-0.220060377861789
199104,0.003311,-0.0160523421470967,-0.0040742805405494,-0.00848286037743556,-0.185002850152645
199105,0.040737,0.0266847619297804,0.0525562241320144,-0.0082538279695988,-0.186164250578383
199106,-0.044024,-0.0142976918191962,-0.0547986231064266,-0.00151393095121395,-0.1979675173258
199107,0.046779,0.0282953227230482,0.0842663161287396,-0.00149830595121395,-0.198732299869164
199108,0.026807,0.00923667589742388,0.0466749507419009,-0.00033750347595387,-0.207468968547492
199109,-0.010979,0.0168131426759821,-0.0352403452833135,-0.00306145403560313,-0.200009457845488
199110,0.017847,0.00992166162219191,0.00616376799912096,0.00182931651256116,-0.197747741399944
199111,-0.037291,-0.0218117170272858,-0.0113967671709779,0.00506752097691025,-0.188465670103426
199112,0.106782,0.0649127379724004,0.16397309227207,0.00557035219270584,-0.192765209688006
199201,-0.001164,-0.0172697977221757,-0.0350666546799473,0.035783979584726,-0.184107463899763
199202,0.013355,0.005988639734939,0.00614677897401282,-0.00754052315880163,-0.176682226924434
199203,-0.023699,-0.0130186313642918,-0.0346314942258168,-0.0130287870686329,-0.15177814362881
199204,0.013414,0.0740127863070198,-0.00265177752390349,-0.0131275335366771,-0.212513340267005
199205,0.006407,-0.00880729150975247,0.0163635837181547,-0.0286129610155519,-0.206770659427003
199206,-0.019258,0.0314738208457077,-0.026371824010177,-0.0270069004094913,-0.195738781555642
199207,0.0399,0.0524151986980877,0.0578130910639181,-0.0208624929806353,-0.17519442945315
199208,-0.020819,-0.035618390942699,-0.00130101985825578,-0.00944447990057359,-0.184083713317502
199209,0.012461,-0.000104916859022532,0.00742798804462417,0.00471897000759479,-0.176997125730371
199210,0.010983,-0.00519769343972404,0.00766201437234879,0.00446897000759479,-0.179009465123215
199211,0.040181,0.0128646875183637,0.0407767699291975,-0.00325905269108476,-0.174927280147354
199212,0.01774,0.0403496515318763,0.00328437401404643,0.00512922109438417,-0.133754102256429
199301,0.012616,0.0479412372515687,-0.00358518819678759,-0.00662886853714903,-0.137153910243663
199302,0.005425,0.0522789550662866,-0.0418675843124641,-0.0646915826881092,-0.150606681979071
199303,0.025089,0.0228744053272405,0.00533102561228632,-0.0619717356033043,-0.160865197907231
199304,-0.025391,0.00353300145957302,-0.10883948439508,-0.0450723954301739,-0.165234323856036
199305,0.029572,-0.000394143881061644,0.0540759336465836,-0.0622384147808346,-0.152274327416419
199306,0.005434,0.0495081208506236,-0.0222777975238535,-0.0557368401082886,-0.138727799641757
199307,-0.000806,0.0155735618066098,-0.0300595015956876,-0.0537577233647947,-0.142742513552147
199308,0.039496,0.0295726510551434,0.0446143247281387,-0.0723013139896045,-0.1292710125113
199309,0.000629,-0.0165651885438843,-0.00743516036220739,-0.0718939065821971,-0.119253255548992
199310,0.018051,0.0160619468454318,0.0240133987264619,-0.0609384666307408,-0.105354851913408
199311,-0.0176,-0.0159788875218298,0.0114145160315877,-0.0758176684962556,-0.139010996524035
199312,0.019554,0.0120717494694737,-0.0012093616800941,-0.0613528227345479,-0.128374638715579
199401,0.031459,0.021662631306589,0.0131419781359033,-0.0674394239989525,-0.144999507333176
199402,-0.024207,-0.0567068745268055,0.0199080151420713,0.00439835438484217,-0.121193117659786
199403,-0.045795,-0.0400369199309374,-0.0569911338382042,0.014408672567332,-0.117473028431059
199404,0.009495,0.0223615035183614,-0.00699174335659157,0.0128586611555821,-0.153050619746466
199405,0.009353,-0.0143392332926217,-0.00534844319539011,-0.000664366586189426,-0.134362026386584
199406,-0.02788,-0.0303847452494182,-0.0284617371928992,-0.00797786111091689,-0.149958126059802
199407,0.030657,0.0311714764928899,0.037689924732431,-0.00705850627220721,-0.167001079193137
199408,0.042629,0.0228095343382991,0.0536055113247475,0.00310958742323828,-0.190668713489598
199409,-0.018338,-0.0283794621639719,-0.0156243219771438,-0.00701190968779748,-0.179117936370943
199410,0.014521,-0.00334422465462146,0.043657130794009,0.00450451543214475,-0.179074158597567
199411,-0.037206,-0.0149067210585635,-0.014283562106277,0.000152574589612067,-0.196247949467503
199412,0.01258,0.0163277887965207,-0.00557829233097345,0.00686750763116024,-0.203667836271375
199501,0.020353,0.0549700770931711,0.0269996581135959,-0.00971409356364281,-0.203587187739555
199502,0.039647,0.0141351800790841,0.0400409022901111,-0.00370315567727366,-0.271857405927743
199503,0.027064,0.0032437756481828,0.0380993866365624,0.0145523997364609,-0.283744115620212
199504,0.025048,0.031303867622462,0.0357464196045348,0.0332114426875319,-0.298391380204333
199505,0.033909,0.0433309401531398,0.0408136684337333,0.0302829670314669,-0.29603331651883
199506,0.031142,0.00185214020617592,0.0727428455088071,0.0372223943980935,-0.268950855114544
199507,0.040801,0.0158637711442814,0.0610900837361663,0.0398766939974406,-0.27046984089246
199508,0.0093,0.00895833051664452,-0.0027704136438998,0.00287832703526658,-0.279195025192468
199509,0.036354,0.0469509192872879,0.0189945545023442,0.00707693013993096,-0.259646450185016
199510,-0.011339,-0.00223704918284113,0.0152211743011255,-0.012727123681969,-0.254060597739196
199511,0.042771,0.0143962309363294,0.00177341259282242,0.0283763243647694,-0.256737354719624
199512,0.015192,0.0542202244659676,-0.0345997009198297,0.0118653527616934,-0.251997882024223
199601,0.028121,0.0150084823398771,0.0106886318403466,-0.0221457168652834,-0.266275193379045
199602,0.016353,-0.026393775986186,0.0348652812110269,-0.0350173901030578,-0.288301959241768
199603,0.010914,0.0207907416979603,-0.0126130846017907,-0.0438905979199924,-0.257783456732944
199604,0.02556,0.0120456846684704,0.0555859854531927,-0.0490544766265743,-0.269351137050575
199605,0.02681,0.00942669053206356,0.0465732391623358,-0.0513401367692698,-0.259780302493476
199606,-0.008289,0.0132237219232978,0.00858508802141386,-0.0361385119620245,-0.281413834362551
199607,-0.053851,-0.0529054056781147,-0.056510846790702,-0.0331914451883108,-0.289948567956591
199608,0.032451,0.0136340749961901,0.0276962513748762,-0.0344985368524254,-0.295855406596911
199609,0.052985,0.00542121538125824,0.112828551939251,-0.0371241818333606,-0.308854939968459
199610,0.013673,0.0537099805034739,0.0213818561845545,-0.0331509754242765,-0.302234271355685
199611,0.065594,0.0478919568527547,0.101097952519536,-0.0315053628461971,-0.316310197983538
199612,-0.011381,7.73296678784505e-05,-0.0322878365262566,-0.0352504703752246,-0.309881547451912
199701,0.053473,0.0307139094413294,0.114016257250692,-0.0394297800062371,-0.290763813407597
199702,-0.001067,-0.00791903333435328,-0.0557439121974053,-0.0436870248536277,-0.354421454818498
199703,-0.044889,-0.0117215528674678,-0.0563796978747973,-0.0411234218249733,-0.327882144043238
199704,0.042396,0.0256363390351009,0.114762116788268,-0.0366981694042848,-0.328507144043238
199705,0.07164,0.0534685528942474,0.0910346104512813,-0.022778310715928,-0.364838723761722
199706,0.044081,0.0301538706160843,0.0130809970127944,-0.0230196900262728,-0.308949462027561
199707,0.076513,0.0508048512359238,0.170199105988167,-0.0294782828786854,-0.293246761903326
199708,-0.036323,-0.01607597155836,-0.032082214886574,-0.0296270114092537,-0.321991639814655
199709,0.058453,0.0553206833139855,0.0395593746266382,-0.0299718389954605,-0.333467383209253
199710,-0.034433,-0.0227833876319578,-0.0636298932186986,-0.0289132765032662,-0.358949446301884
199711,0.030354,0.0256702912446085,0.017102518640838,-0.0400781464684054,-0.356701272628652
199712,0.017822,0.045123041508429,-0.0450174869000018,-0.0290769244096605,-0.368460870669649
199801,0.004511,-0.0212699793325696,0.0834095076085234,-0.0183121433488351,-0.295676074167163
199802,0.073321,0.069084634605748,0.108839730901513,-0.0351911508327244,-0.299766513337501
199803,0.051273,0.0727505082403512,0.0367700274471115,-0.0321427969442111,-0.297792369168447
199804,0.010924,0.0181768995655923,0.030041929315875,-0.0123981344275675,-0.29841754926019
199805,-0.025746,0.0173841562423993,-0.0428921827530738,-0.030743002118208,-0.295502818007808
199806,0.031839,0.0231606387869124,0.111133235937755,-0.0378385110447768,-0.282826748576341
199807,-0.023377,-0.0184589496124801,0.038985753358957,-0.0506526889758567,-0.270606687085577
199808,-0.15786,-0.0586800874070976,-0.163294421062013,-0.04106244938647,-0.268402527855219
199809,0.063814,0.0713239433629261,0.127033373443872,-0.0570418679938561,-0.26079143155807
199810,0.074406,0.0190687153837023,0.0467074797915228,-0.0448315908549532,-0.278197065312563
199811,0.062001,0.0524957036004212,0.0996883929094128,-0.0324953953388531,-0.292217396940286
199812,0.063058,0.0100673322697558,0.16526811186708,-0.0303821548870782,-0.29414364533059
199901,0.038447,-0.0263011638398634,0.164255897947443,-0.0165007878601489,-0.282786171518146
199902,-0.038083,-0.0477766645572728,-0.0957208564466571,-0.0455922568732678,-0.299283097974816
199903,0.037925,0.0291339711293587,0.11442784318409,-0.0450749108080826,-0.265799916255279
199904,0.049092,0.0761596397776805,-0.0180988612969214,0.00507321717288694,-0.279811796334413
199905,-0.020708,0.002015574104162,-0.0393085245653573,-0.0226336893683561,-0.247521420723352
199906,0.050823,-0.0146369840659808,0.102402759411193,0.0142390726584675,-0.245916140052682
199907,-0.030833,-0.0220394640372121,-0.0283983512541079,-0.0625792277154005,-0.253300751032443
199908,-0.009918,0.005601586057828,0.0240072343433047,-0.0616298820745783,-0.254752089619241
199909,-0.022669,-0.0314821326886703,0.00601144872084802,-0.0784289527032956,-0.257598187780228
199910,0.062107,0.0247518123974721,0.0662767398976856,-0.079941624552813,-0.2557763529628
199911,0.036822,-0.0122934253872079,0.0824338883396851,-0.0699071868110238,-0.272529546398968
199912,0.083745,0.0295533171138424,0.215494191018769,-0.0697546300373695,-0.278975986184182
200001,-0.039622,0.00072219444882234,-0.126284460432149,-0.0870975094410562,-0.292260353344493
200002,0.03176,-0.0942534365964455,0.113603893717125,-0.0169508666333451,-0.291291547433726
200003,0.053499,0.0733349127425513,0.0984433374429421,-0.0229432007596753,-0.299903974369486
200004,-0.059519,0.0348877429743978,-0.121343765158031,-0.0259735837306824,-0.316480422349005
200005,-0.038863,-0.0341161719671689,-0.130275465824666,-0.0404937574285851,-0.313877353969287
200006,0.051576,-0.0905592427116749,0.144687362948729,-0.0388931017563892,-0.327302897341521
200007,-0.017679,0.0296119957390502,-0.0452943371464446,-0.0424567239109804,-0.33044754320267
200008,0.074984,0.0806633964665789,0.0905683807737566,-0.0398106870590635,-0.313902433696221
200009,-0.051154,0.0376010459020314,-0.128519677424067,-0.0353617064816158,-0.316685969298697
200010,-0.02448,0.00637697402096057,-0.0947577647293421,-0.0395257774622842,-0.346246665157766
200011,-0.102365,-0.0119166296169922,-0.208510772299951,-0.00676438738405725,-0.340433849909081
200012,0.02045,0.0701549347227578,-0.088221736453541,-0.0147000217551036,-0.3184244063566
200101,0.039573,0.028195869505734,0.124305965603354,-0.044754564719131,-0.287772143413218
200102,-0.099084,0.0193336541586572,-0.308936497400497,0.014726087862234,-0.326054615423685
200103,-0.070408,-0.0183482346996186,-0.185290947963712,0.00772806226942471,-0.310421474751058
200104,0.083834,0.064809456859721,0.185472346372705,0.0224569724103015,-0.250201249600821
200105,0.010442,-0.00946520802570783,-0.00963049593657225,0.0359306462235797,-0.27695510198324
200106,-0.017561,-0.0110621272926168,-0.0416942725994249,0.0274526645661065,-0.251672817195082
200107,-0.018284,0.00575473352652606,-0.0837163741013948,0.0371079186297484,-0.222102578042035
200108,-0.05898,-0.0322536523452931,-0.151506499273677,0.0386215930936731,-0.190990781495987
200109,-0.091497,-0.0550327800697055,-0.207435094672799,0.0350711297091999,-0.132943194531241
200110,0.027847,-0.0207702334887608,0.106982375509616,0.0325464978674483,-0.144981539394071
200111,0.078789,0.01750326258536,0.16124818923617,-0.00171120037081036,-0.105713236269253
200112,0.017854,0.0359233123915367,-0.0245447590282916,-0.00395316144254711,-0.136872824138672
200201,-0.015966,-0.0129448834656741,-0.0399295998217234,-0.0104056640318001,-0.138374443767993
200202,-0.0217,0.0155936960318733,-0.153925057615091,-0.0241592134200867,-0.0845789623292232
200203,0.044698,0.0446601425511864,0.128989989539452,0.00541055907285772,-0.0941543106744491
200204,-0.0496,-0.0725395810053267,-0.127083961400755,0.0106369556021994,-0.0961280157357402
200205,-0.01051,0.0288386072642634,-0.0412919354078651,-0.0265144530014119,-0.0793224038080992
200206,-0.070259,-0.0499288527402866,-0.145080972824132,-0.0221168090789651,-0.054139242537941
200207,-0.081125,-0.112949380461279,-0.105956243504414,-0.0281993127455626,-0.052152746459269
200208,0.007949,-0.0242883602240596,-0.0236531505346143,-0.0418563980924724,-0.0575300719519468
200209,-0.099923,-0.120971117748541,-0.103499786834851,-0.0321347203144636,-0.0539734511854582
200210,0.07494,0.139436872576939,0.154229314871994,-0.0260671237825785,-0.049127605555143
200211,0.061282,0.0746654679536053,0.161385379038001,-0.0116205545265383,-0.0371105004539793
200212,-0.053334,-0.0215659579098881,-0.120187200797498,-0.0163637801180714,-0.0333166243441449
200301,-0.023367,-0.0462049517277868,0.00974213272575009,-0.0245353646464605,-0.0542673541276776
200302,-0.015417,-0.0620047363411856,0.0226826605161118,0.0186178007506725,0.020711945817146
200303,0.010321,0.00852258804846687,0.0410441053027913,0.0472021309326121,0.015965894010478
200304,0.082768,0.076641112488101,0.0680585309208368,0.0487330407226652,0.0291341493449578
200305,0.063471,0.0817880662288077,0.0742870897910471,0.0472368180657363,0.0359026130189993
200306,0.016346,0.0183173745905377,0.00224468268693047,0.0460556245577784,0.0478667867061138
200307,0.023112,-0.0450544875183355,0.0621429077428937,0.050832163250555,0.0473750456231911
200308,0.024965,0.0118999949680892,0.0676715719002208,0.0346429178499671,0.0359891329169467
200309,-0.00912,-0.0116586518200998,-0.0413952357752381,0.0208228399428578,0.0330636307685566
200310,0.060361,0.0385434547326355,0.0874439134114576,0.028063920480374,0.0329728883028529
200311,0.016594,-0.00417049981173353,0.0161849333970618,0.0326174514161718,0.010102735029277
200312,0.045476,0.0893594695273432,0.0189226003029911,0.000364785475856031,0.0250769037711181
200401,0.023042,0.0118497642855751,0.0488700012230049,-6.02331074683272e-05,-0.00484355798462782
200402,0.015443,0.0145049967698834,0.0108429899718369,0.0306774597489625,-0.0561983562206021
200403,-0.010662,-0.0102299474159107,-0.0235074159684795,0.0484003502631096,-0.055365055860454
200404,-0.024222,0.000824035487087758,-0.0369987015521288,0.0285515322851557,-0.0621242655057413
200405,0.014068,-0.0141921476069141,0.0545076507186448,0.0413370796791565,-0.0822019763735031
200406,0.021611,0.020340449611179,0.0102057668004334,0.0426404841242434,-0.0717345309102122
200407,-0.037698,0.00593677642587063,-0.0779807443589343,0.0180406731131051,-0.0758241137598562
200408,0.002703,0.0193018344208849,-0.0159441805756892,0.0321700078272578,-0.123017529900563
200409,0.020556,-0.0230605201360984,0.0384005170445476,0.0257646208744949,-0.0791505064460762
200410,0.017806,0.00543094063416896,0.02904981294071,0.0416088420084312,-0.0822416994626545
200411,0.048214,0.0279003496815106,0.0509160259263353,0.02841073241701,-0.0694600677260222
200412,0.03517,0.0286677011333945,0.0471583039134078,0.0339442974360077,-0.0638234637853526
200501,-0.026546,-0.0387829175066899,-0.0645430473007557,0.0208202684628629,-0.0732552298903522
200502,0.022646,0.0506801014339218,0.00210342342622147,-0.0331934324061897,-0.134155893426323
200503,-0.016944,-0.0111129775767739,-0.0398780245868204,-0.0345620772464534,-0.131721519997558
200504,-0.025206,-0.0113469802866739,-0.0412038949391882,-0.0392205535291957,-0.188550233081246
200505,0.037954,0.012349360536421,0.0784664589701308,-0.0367348753418343,-0.222628042073493
200506,0.011529,0.0216452688654885,-0.0113441916082873,-0.0469526767139713,-0.210108083167958
200507,0.043357,0.0263009618492526,0.0760533044148289,-0.0574185454522794,-0.218179727611141
200508,-0.005958,-0.00533666599883476,-0.00611971345120883,-0.0589157837423201,-0.194168382403447
200509,0.0106,0.0262140947459273,0.0172757421611438,-0.0505434848965108,-0.161322932488952
200510,-0.020866,-0.0602674805308116,-0.029152284368941,-0.0486156278512527,-0.171532631338806
200511,0.040326,0.0160345411056254,0.0716257917807562,-0.0423051926360479,-0.141479787346733
200512,0.003458,0.0224606031093599,-0.00482139691766307,-0.0509816821669692,-0.166207870870987
200601,0.040072,0.0685771718536021,0.053631474124975,-0.0654882985479608,-0.161565799271444
200602,-0.001639,0.0064136372967782,-0.0357290106319391,-0.07381876907209,-0.170011290329697
200603,0.019065,0.00973965374630981,0.0237191020167456,-0.0784080174602407,-0.17453850932661
200604,0.013,0.0187754697817572,0.0113298449258395,-0.0904922479957142,-0.166840919159732
200605,-0.031032,-0.0208631160060907,-0.0678880728613951,-0.0995438161387502,-0.18364759843286
200606,-0.000391,0.0321142390037498,-0.0111192453937584,-0.101456813188957,-0.176058460983085
200607,-0.001912,0.0483421372233166,-0.0533831606586785,-0.119526377780839,-0.185342011774841
200608,0.025041,0.0182043710003395,0.0189385348494575,-0.108830063993696,-0.161626872661965
200609,0.019425,0.0194459958051229,0.0104230363520108,-0.107083005184919,-0.161354739909191
200610,0.037153,0.0212451384260663,0.0521693319919241,-0.116263860645591,-0.140398232896162
200611,0.023736,0.0275762499412661,0.0360306221122113,-0.113650192070492,-0.15604919392517
200612,0.010857,0.0039235770900943,-0.0345539852985065,-0.129779659863889,-0.159254044714799
200701,0.019387,0.0217375938896361,0.022748930300961,-0.127452494989566,-0.160492938613884
200702,-0.014006,-0.0137527112255328,-0.00992750463699117,-0.0962552320935124,-0.107453392239026
200703,0.012954,0.0382223252630668,0.0413324797172073,-0.0833441519623195,-0.1211058769008
200704,0.039834,0.0362166741631277,0.0581592460117952,-0.104350039519736,-0.119562577402159
200705,0.038953,0.0516930555108,0.045333097504454,-0.115421317971847,-0.145213816872746
200706,-0.014747,-0.0170513542443426,0.00352353218768001,-0.118384429221074,-0.144662505234691
200707,-0.03179,-0.0276892131664856,0.00646051495890421,-0.114319063420942,-0.146880119777821
200708,0.011593,0.0211451371759209,0.010114763634362,-0.119036591094435,-0.13466257417831
200709,0.040822,0.0350726358927882,0.0792584907412383,-0.113920911166812,-0.133085536929611
200710,0.02591,0.00721205314385303,0.0581181583663828,-0.106572696120702,-0.13832067899089
200711,-0.049362,-0.0265634758579748,-0.0409485224184317,-0.127249760612098,-0.131306333105039
200712,-0.004405,0.00269651436827697,0.00759380688416388,-0.116411752611872,-0.130978237391748
200801,-0.062218,-0.0215689495045793,-0.1457806840646,-0.116080996512501,-0.0952366806290047
200802,-0.021697,-0.019471644626837,-0.00172205712886935,-0.0886288367451894,-0.162831124626657
200803,-0.010444,-0.0201827936382943,-0.00736249521968577,-0.0779594097299452,-0.172186135209411
200804,0.051199,0.0537523405362671,0.11112564728131,-0.0857772733479309,-0.150122836358935
200805,0.023935,0.0172933826594841,0.0421127311294267,-0.0729009783814067,-0.149627895965096
200806,-0.078436,-0.046595697919675,-0.0515995154401537,-0.086030632595759,-0.170356691609636
200807,-0.013413,-0.0697016791160801,-0.0477745432398931,-0.0846658037201158,-0.166476347372869
200808,0.010597,0.0404049432090573,-0.00772222295598626,-0.0966130228706413,-0.153764078299853
200809,-0.098172,-0.0656364813153268,-0.176339750931812,-0.0943128254828635,-0.123175563988221
200810,-0.184838,-0.105715345944035,-0.187281718794886,-0.0864340687547607,-0.15142167871585
200811,-0.084686,-0.0711660791215329,-0.133967549906523,-0.0559032255343042,-0.141897741112394
200812,0.022231,0.033894845700042,0.00427382803788205,-0.0449462628087582,-0.129951578385172
200901,-0.077475,-0.131234479017129,-0.00751814658424743,-0.0429285276362134,-0.105151740947563
200902,-0.100175,-0.120676403654486,-0.0524094150289075,-0.0119206858924781,-0.165472172849827
200903,0.086813,0.102755650645241,0.0686610428373835,-0.0196733601421307,-0.209729481537087
200904,0.109483,0.0799401033198252,0.128179116304075,-0.0221158496452303,-0.206948866646197
200905,0.067797,0.0755171544889449,0.0270996423771714,0.0202741859521683,-0.141419996878475
200906,-0.00302,-0.00388487253751381,0.00350219089485445,0.024435458222425,-0.128323072842803
200907,0.081792,0.0716736280403348,0.0819178671470559,0.0114033728128407,-0.105532094731398
200908,0.031514,0.0389052683311501,0.00353970654173216,-0.0316316839253413,-0.093190514222852
200909,0.045288,0.0240017838074956,0.0878326076178691,-0.00314170180220772,-0.116689918560873
200910,-0.028079,-0.0217566488378844,-0.00679395628422025,-0.033921504043701,-0.0863678978044757
200911,0.057086,0.0521057995623392,0.0735970346646882,0.0239456888619973,-0.0991926978398521
200912,0.028486,-0.0257642544184869,0.0532359984467839,-0.00142380421173078,-0.0642588777515883
201001,-0.037186,-0.0388325225943845,-0.0818418633789299,0.00490031627683582,-0.0515400197000518
201002,0.034754,0.00513926708911415,0.0370175747760025,0.0218500277059631,-0.0346453256156206
201003,0.063688,0.0584997164850376,0.0839190913907177,0.0528673168583262,-0.00725965556717913
201004,0.020039,0.00687872015518991,0.0181062514143041,0.025194163700211,-0.0084698785417485
201005,-0.079267,-0.0747944221847871,-0.0935648643767653,0.0399139423922542,-0.0363844390889455
201006,-0.050802,-0.0256780054022162,-0.0541682447226217,0.00537884961961426,-0.0204291306275179
201007,0.070384,0.0795850219121415,0.0798037871869142,0.0144699553111544,-0.0816486719839391
201008,-0.042887,-9.08048089792966e-05,-0.044524989580038,0.00364376172972688,-0.0466776611939019
201009,0.091668,0.0732888750728239,0.129242916302105,0.00136185795415804,-0.036662264778925
201010,0.038606,0.0124068895433232,0.0440635352368067,-0.0264350061202999,-0.118081825015613
201011,0.005121,-0.0299037962965783,0.0372785124260946,-0.0122202032722808,-0.170438565081627
201012,0.067213,0.0622598284979954,0.0537536361436833,0.0130977537608581,-0.126020762325091
201101,0.01919,0.0135296638040018,0.0123329891843536,0.0032993647631089,-0.116219027539839
201102,0.038168,0.0376941458278187,0.0500531828016498,0.00415596946203949,-0.168503542230661
201103,0.003343,0.0187782540029284,0.0177931997813746,0.0285123282458184,-0.183878317267048
201104,0.028602,0.0314947503729156,0.0214258164992834,0.0498292365871767,-0.19245434085436
201105,-0.014957,0.00509358042492301,-0.00876194211749289,0.0128002462933235,-0.188339677551505
201106,-0.018453,-0.0116982963734056,-0.00918351014051769,0.0130593695594633,-0.193448930642898
201107,-0.02255,-0.0259333410321996,0.0483126188143783,0.0217031286848335,-0.185334687670416
201108,-0.057597,-0.0135041079970251,-0.061782964659006,0.0293841667497328,-0.196814574382113
201109,-0.08503,-0.0254984471266641,-0.0886841102647824,-0.00480193271298975,-0.209424844937807
201110,0.114215,0.0692922047221327,0.118676199878145,-0.00716543390246063,-0.225586885897933
201111,-0.006273,0.0105076737527167,-0.01015928784058,0.0216325481605845,-0.203739212337996
201112,0.003671,0.036693932852618,-0.048936014682939,-0.00263285486802993,-0.196900819168601
201201,0.05414,-0.00654051269655996,0.0846067355779459,0.0242546308821005,-0.198662738969637
201202,0.041253,0.0188913920223972,0.0451395840929025,0.00654843305197748,-0.182729971074577
201203,0.024039,0.0108928530447942,0.0050273890074927,-0.00571207768252663,-0.180607885618221
201204,-0.00684,0.00120408713719889,0.0246045210482188,0.0244671992532708,-0.176405347449455
201205,-0.065641,-0.040250150978452,-0.0967634042204599,-0.0131618676472688,-0.149378546445255
201206,0.038181,0.0647241552531459,0.0474213441726389,0.000981953855926604,-0.115562843159078
201207,0.010306,0.0277664426276114,0.0202500025980625,0.00386835544712469,-0.129420954496717
201208,0.026336,-0.00033585879922744,0.0571374467396399,0.025562914838842,-0.151091218988554
201209,0.026532,0.0282541913676876,0.0229855324229198,0.0165137556760911,-0.140696958319784
201210,-0.014064,-0.0142079368964206,-0.0542349326856437,0.0202655417548172,-0.136371429900012
201211,0.006219,-0.0154017662222159,0.0200792343261043,0.0469657679313022,-0.0990864984623637
201212,0.01258,-0.00295159132661035,-0.0193602240183673,0.0322807202663544,-0.111619911398931
201301,0.054189,0.058026567922482,-0.010291286855437,0.0216217883450954,-0.105543678775398
201302,0.008284,0.00852745891764545,-0.00593604471873033,0.0136916916440166,-0.14601373152469
201303,0.03532,0.0385160484283258,0.0321800126709611,0.0244271783256735,-0.161184356334608
201304,0.014942,0.0111598455502995,0.0065269425231809,0.0354410327972954,-0.100898734948305
201305,0.019155,-0.00396023193433524,0.0420994031848669,0.0173836023961701,-0.143784839074687
201306,-0.015071,-0.00579432344223043,-0.0415563339182521,0.0327071103110028,-0.16375860883366
201307,0.05269,0.0453832094066439,0.0952746323846976,0.0198605185573182,-0.158163287281366
201308,-0.025761,-0.0447601421593475,-0.0137985360772368,0.00936446859909688,-0.165310702040097
201309,0.037514,0.00555498773997416,0.0660254975335793,0.02254905330334,-0.17288445870997
201310,0.039908,0.0470192011682186,0.0571504868373066,0.0342774836573938,-0.17241786912124
201311,0.024973,0.0414779258735269,0.0555460641919701,0.0276666482253345,-0.0571948971813229
201312,0.026159,0.0260928970887435,0.0239765765267819,0.0342794303464467,-0.0827684835284666
201401,-0.030047,-0.0220673022591247,0.00132501226777244,0.0173056916472045,0.000737640067042391
201402,0.046225,0.0510073321529103,0.0468909707706188,0.0514318756626143,-0.0264913663192714
201403,0.004544,0.0171685484032846,-0.0480037488598461,0.0229666893424923,-0.0172195894194569
201404,0.001569,0.0295533900473817,-0.0124926448800509,0.0208474665608791,-0.0237760411508337
201405,0.02026,0.00132090352873027,0.033913917795359,-0.0343310872123593,-0.0255689681658501
201406,0.027991,0.0127466436113081,0.039485835897046,-0.0490493203442464,-0.00447106115164335
201407,-0.020567,-0.0140202304152214,0.00827357215361677,-0.0609621991549505,0.0132344350972254
201408,0.040225,0.0263722980543739,0.0456784243017601,-0.0424506812046328,0.00376815879601392
201409,-0.025209,-0.0180863280961646,-0.0198469386635325,-0.0464131515276741,0.0193239750519179
201410,0.021174,0.0157129901261538,-4.49895483500361e-05,-0.0553887433693835,-0.0522249048992806
201411,0.021114,0.0196822515981782,0.028179732887072,-0.0425121487676863,-0.0823151983760902
201412,-0.003662,0.00114893230400021,-0.00802262132814538,-0.0337560711630813,-0.0833976690372071
201501,-0.027207,-0.0248692915464909,0.024834670225166,-0.0364127391643823,-0.0550495092170134
201502,0.055974,0.0237760018858493,0.064833951606371,0.109738115619361,-0.150708577251757
201503,-0.01041,-0.0231712847116492,-0.00390708820914221,-0.0416131007077227,-0.128171853644934
201504,0.008776,0.0325647668998608,0.00145139221328785,-0.0304726624041933,-0.105019347394822
201505,0.01029,-0.0267112907345556,0.0186761835569516,0.00574985446239315,-0.0584651245529879
201506,-0.019238,-0.0411891990651474,0.00220396302963272,-0.00476565291190042,-0.0745965416818031
201507,0.01211,-0.046080598841682,0.0745965314639643,0.0107921923027536,-0.00232675142270035
201508,-0.059982,-0.0451547497655583,-0.0665425032183579,0.0139690948021503,-0.0126703505436367
201509,-0.033793,-0.0444778585894997,-0.0299959930811796,-0.00238465158702673,-0.014185237286828
201510,0.074006,0.123237681987668,0.118948923241539,0.0470619462258466,-0.0232266095262413
201511,0.00241,-0.00772202360332777,0.00649705267052832,0.103675170845176,-0.0276765209912188
201512,-0.022227,-0.0733050484297111,0.000245790713026442,0.147690326412234,-0.0714930243526551
201601,-0.057148,-0.0315576381352156,-0.0905421528890925,,
201602,0.000612,-0.00109845132065259,-0.0129953889943582,,
201603,0.070554,0.110353923048694,0.0573924603846537,,
201604,0.011725,0.0329862991452447,0.0358662805932009,,
201605,0.014354,0.0098342084592644,0.0361539705473158,,
201606,0.002929,0.0186844737746107,0.00127023203510138,,
201607,0.038849,0.0229711336888262,0.0212719604102934,,
201608,0.002806,-0.00420503693671693,-0.00932116745112451,,
201609,0.003015,0.00883206023106269,0.0152208493720365,,
201610,-0.021566,-0.0147977248158679,-0.0181090582860519,,
201611,0.040543,0.0498222783596466,0.00187921870939826,,
201612,0.018772,0.0181565714490737,0.00975631728673922,,
201701,0.022173,-0.0029076904796374,0.0475776794861514,,
201702,0.032624,0.0214167334382077,0.019154206515883,,
201703,0.002064,-0.013904124850916,0.0212218699695294,,
201704,0.009657,-0.00994460664733087,0.0196955420362487,,
201705,0.009337,-0.000420725100283203,0.021218174406193,,
201706,0.00958,0.00147311762495757,-0.00847720630269099,,
201707,0.020294,0.0234067693497751,0.0529146262500948,,
201708,0.001593,-0.000467649911032352,0.00539815129615651,,
201709,0.023758,0.0128552857129774,0.0140153650536001,,
201710,0.019294,0.00338307027700475,0.0431168540914493,,
201711,0.02726,0.0353490789009341,0.022499876882873,,
201712,0.012129,0.000201631808885457,0.0229667433808705,,
201801,0.050638,0.0332996442648914,0.0661135079578421,,
201802,-0.039481,-0.0516952451032218,-0.0499736373299169,,
201803,-0.018445,-0.00135573093913387,0.0139297195757509,,
201804,0.004692,0.00342008373946697,0.0317404984245271,,
201805,0.026164,-0.020988808834842,0.0317171430189968,,
201806,0.005365,0.0216082423245235,0.011097319987202,,
201807,0.031604,0.0247269668784662,0.00645268333612248,,
201808,0.030233,0.0157511129298908,0.0394071837159913,,
201809,0.000425,-0.00377121873212893,0.00753414811498944,,
201810,-0.074045,-0.0163797271577615,-0.149707169613314,,
201811,0.018512,-0.0014723793016281,0.0169901322230198,,
201812,-0.08989,-0.074218855402573,-0.104493342560673,,
201901,0.088294,0.0710164005453797,0.130791056115124,,
201902,0.032724,0.0122154219079266,0.0160332230494125,,
201903,0.012962,0.00780379191418206,0.0323744761502201,,
201904,0.037893,0.0263515881285915,0.0612249532796266,,
201905,-0.061679,-0.0664213318339854,-0.0781693649816933,,
201906,0.067279,0.0702204153022923,0.0593064029449001,,
201907,0.011854,0.0184946319555847,-0.019358133221866,,
201908,-0.020339,-0.0350072739276225,-0.0323060398561304,,
201909,0.016033,0.0275818025078735,-0.0264544148438118,,
201910,0.019257,-0.000391874528234239,0.0379899240119089,,
201911,0.034999,0.053334401056545,0.0380982394137091,,
201912,0.028489,0.0300851469971568,0.030578189121144,,
202001,-0.001728,-0.0471391344829307,0.0501874056837899,,
202002,-0.077918,-0.0967121815638723,-0.0530815564668087,,
202003,-0.141733,-0.190161586571999,-0.0703860231590073,,
202004,0.129674,0.142972891962804,0.172324899249365,,
202005,0.053739,0.0212016944723239,0.053909690178855,,
202006,0.025299,0.0304493155757649,0.0755751414033249,,
202007,0.055531,-0.0115277858962349,0.0766931277376248,,
202008,0.068442,0.0670030853169787,0.0833568337170544,,
202009,-0.035056,-0.0362900848398375,-0.0560631091699649,,
202010,-0.020178,0.0103384989113182,-0.0357862294587111,,
202011,0.123707,0.264065088904115,0.0831378925794994,,
202012,0.045048,0.0426831226913025,0.0485284367070047,,
