caldt,vwretd,vwretx,ewretd,ewretx,totval,totcnt,usdval,usdcnt,spindx,sprtrn
1976-03-31,0.032474,0.030623,0.018866,0.015380,587396299.00,500,568326394.00,499,102.77,0.030689
1976-04-30,-0.009610,-0.010699,-0.008644,-0.010487,581613605.00,500,587396299.00,500,101.64,-0.010995
1976-05-28,-0.008110,-0.015019,-0.016454,-0.021263,574407346.00,500,581492217.00,499,100.18,-0.014364
1976-06-30,0.043959,0.042158,0.054092,0.050594,599232313.00,500,574407346.00,500,104.28,0.040926
1976-07-30,-0.008079,-0.009412,-0.005090,-0.006890,623800459.00,500,598039797.00,499,103.44,-0.008055
1976-08-31,0.001599,-0.004982,-0.010466,-0.015543,621186189.00,500,623763543.00,498,102.91,-0.005124
1976-09-30,0.024402,0.022656,0.019770,0.016765,636178589.00,500,621048858.00,496,105.24,0.022641
1976-10-29,-0.019957,-0.021737,-0.024109,-0.026140,621508456.00,500,636010130.00,496,102.90,-0.022235
1976-11-30,-0.001041,-0.008628,0.022976,0.017396,617346638.00,500,621508456.00,497,102.10,-0.007775
1976-12-31,0.053754,0.052147,0.074788,0.071993,654696366.00,500,617346638.00,500,107.46,0.052498
1977-01-31,-0.049684,-0.051192,-0.034103,-0.035755,622113511.00,500,654031446.00,499,102.03,-0.050530
1977-02-28,-0.015638,-0.022400,-0.018894,-0.023645,609124012.00,500,621815892.00,499,99.82,-0.021660
1977-03-31,-0.012490,-0.014535,0.000893,-0.002476,601766122.00,500,608761449.00,498,98.42,-0.014025
1977-04-29,0.000641,-0.000503,0.008245,0.006641,602718249.00,500,601741133.00,498,98.44,0.000203
1977-05-31,-0.015169,-0.023655,-0.014016,-0.019774,591411644.00,500,602718249.00,499,96.12,-0.023568
1977-06-30,0.047838,0.045771,0.053054,0.049894,620052333.00,500,591411644.00,500,100.48,0.045360
1977-07-29,-0.015453,-0.016589,-0.017614,-0.019139,610833966.00,500,620052333.00,500,98.85,-0.016222
1977-08-31,-0.012310,-0.020221,-0.014606,-0.020464,599095754.00,500,610833966.00,500,96.77,-0.021042
1977-09-30,-0.000825,-0.003084,-0.001940,-0.005207,598206381.00,500,599095754.00,500,96.53,-0.002480
1977-10-31,-0.041984,-0.043869,-0.037299,-0.039474,572127829.00,500,598120956.00,499,92.34,-0.043406
1977-11-30,0.036696,0.026882,0.062722,0.056153,589218487.00,500,571815190.00,498,94.83,0.026966
1977-12-30,0.005570,0.003637,0.001322,-0.001858,594481564.00,500,589218487.00,500,95.10,0.002847
1978-01-31,-0.060643,-0.062611,-0.052203,-0.054196,556967829.00,500,594481564.00,500,89.25,-0.061514
1978-02-28,-0.016260,-0.024938,-0.010106,-0.016400,543089174.00,500,556929640.00,499,87.04,-0.024762
1978-03-31,0.026942,0.024377,0.053017,0.049390,556897077.00,500,543089174.00,499,89.21,0.024931
1978-04-28,0.088899,0.087528,0.084038,0.082289,606128316.00,500,555921442.00,498,96.83,0.085416
1978-05-31,0.013777,0.004492,0.033790,0.027238,609584310.00,500,606070682.00,498,97.24,0.004234
1978-06-30,-0.016578,-0.018953,-0.012138,-0.015439,599829769.00,500,609532320.00,499,95.53,-0.017585
1978-07-31,0.056959,0.055106,0.061325,0.059240,633315847.00,500,599829769.00,499,100.68,0.053910
1978-08-31,0.033610,0.025523,0.050538,0.044714,650678659.00,500,633207937.00,499,103.29,0.025924
1978-09-29,-0.005163,-0.007483,-0.008445,-0.011506,646610977.00,500,650678659.00,500,102.54,-0.007261
1978-10-31,-0.089848,-0.092572,-0.133472,-0.136032,592429103.00,500,646304855.00,497,93.15,-0.091574
1978-11-30,0.026624,0.017242,0.028495,0.021780,604097848.00,500,592183822.00,498,94.70,0.016640
1978-12-29,0.016540,0.014189,0.008890,0.005159,615931745.00,500,603476831.00,498,96.11,0.014889
1979-01-31,0.042644,0.040116,0.068649,0.066143,641065799.00,500,614974950.00,495,99.93,0.039746
1979-02-28,-0.028737,-0.037065,-0.030552,-0.036743,620259408.00,500,639826126.00,494,96.28,-0.036526
1979-03-30,0.057314,0.054801,0.072930,0.069102,655684372.00,500,620259408.00,498,101.59,0.055152
1979-04-30,0.004183,0.002218,0.010733,0.008284,657223904.00,500,655684372.00,500,101.76,0.001673
1979-05-31,-0.016910,-0.026413,-0.013329,-0.019885,641323529.00,500,656618368.00,499,99.08,-0.026336
1979-06-29,0.040324,0.037792,0.051772,0.047840,665919027.00,500,640969679.00,499,102.91,0.038656
1979-07-31,0.011531,0.009227,0.026523,0.023976,673727755.00,500,664879527.00,497,103.81,0.008746
1979-08-31,0.061865,0.053222,0.071897,0.065442,710875678.00,500,673727755.00,500,109.32,0.053078
1979-09-28,0.001416,-0.000872,-0.000964,-0.003896,710769041.00,500,710454638.00,499,109.32,0.000000
1979-10-31,-0.065547,-0.068505,-0.091402,-0.094307,662504340.00,500,710769041.00,499,101.82,-0.068606
1979-11-30,0.052777,0.043570,0.065807,0.058867,693055996.00,500,662504340.00,500,106.16,0.042624
1979-12-31,0.018291,0.015839,0.040337,0.036354,707416137.00,500,691936590.00,499,107.94,0.016767
1980-01-31,0.061073,0.058695,0.058499,0.056113,750494264.00,500,707015055.00,499,114.16,0.057625
1980-02-29,0.002644,-0.005565,-0.031679,-0.037824,747780101.00,500,749424328.00,499,113.66,-0.004380
1980-03-31,-0.097518,-0.100096,-0.105716,-0.109875,672127528.00,500,745613849.00,499,102.09,-0.101795
1980-04-30,0.042230,0.039707,0.045782,0.042974,702410163.00,500,670958431.00,497,106.29,0.041140
1980-05-30,0.055560,0.046651,0.081396,0.074573,736800187.00,500,702410163.00,500,111.24,0.046571
1980-06-30,0.029584,0.026764,0.032532,0.028343,756854493.00,500,736196191.00,499,114.24,0.026969
1980-07-31,0.068200,0.065630,0.091636,0.089087,806826712.00,500,756854493.00,500,121.67,0.065039
1980-08-29,0.013368,0.005935,0.026797,0.020900,812980237.00,500,806247339.00,499,122.38,0.005835
1980-09-30,0.027935,0.025155,0.028600,0.024886,837757103.00,500,811538884.00,497,125.46,0.025168
1980-10-31,0.017788,0.014718,0.008814,0.005735,849964314.00,500,836998735.00,496,127.47,0.016021
1980-11-28,0.109774,0.102859,0.064076,0.058717,941031406.00,500,848063915.00,495,140.52,0.102377
1980-12-31,-0.030709,-0.033084,-0.011228,-0.015232,919424016.00,500,940862024.00,498,135.76,-0.033874
1981-01-30,-0.043370,-0.045036,-0.011364,-0.013366,878958424.00,500,919382392.00,499,129.55,-0.045742
1981-02-27,0.021199,0.013415,0.027859,0.022036,892332358.00,500,878958424.00,499,131.27,0.013277
1981-03-31,0.038285,0.035426,0.082034,0.077860,922348296.00,500,890072044.00,497,136.00,0.036033
1981-04-30,-0.020226,-0.021983,0.000652,-0.001440,904043755.00,500,920175367.00,495,132.81,-0.023456
1981-05-29,0.006337,-0.001356,0.016766,0.011384,905985939.00,500,902952119.00,496,132.59,-0.001657
1981-06-30,-0.007931,-0.010867,-0.008040,-0.012074,900244202.00,500,903604596.00,497,131.21,-0.010408
1981-07-31,0.000639,-0.001023,-0.017765,-0.019777,901729014.00,500,898273196.00,497,130.92,-0.002210
1981-08-31,-0.055548,-0.063681,-0.062594,-0.068310,845474331.00,500,897957506.00,495,122.79,-0.062099
1981-09-30,-0.050737,-0.053777,-0.051956,-0.056166,799675022.00,500,841419511.00,495,116.18,-0.053832
1981-10-30,0.051457,0.048012,0.058332,0.055192,839292684.00,500,794150036.00,498,121.89,0.049148
1981-11-30,0.043827,0.035918,0.042338,0.036247,873879192.00,500,838994136.00,499,126.35,0.036590
1981-12-31,-0.026959,-0.029646,-0.019629,-0.023408,851316511.00,500,871544073.00,498,122.55,-0.030075
1982-01-29,-0.015334,-0.016837,-0.019404,-0.021330,836871941.00,500,850897597.00,499,120.40,-0.017544
1982-02-26,-0.050441,-0.059588,-0.036622,-0.042849,786717627.00,500,836824161.00,499,113.11,-0.060548
1982-03-31,-0.006922,-0.010579,-0.003797,-0.008634,778829619.00,500,785641756.00,497,111.96,-0.010167
1982-04-30,0.041450,0.039977,0.047458,0.045364,810825172.00,500,774908268.00,498,116.44,0.040014
1982-05-28,-0.029505,-0.039834,-0.043972,-0.051000,781434082.00,500,810825172.00,500,111.88,-0.039162
1982-06-30,-0.016438,-0.019603,-0.008091,-0.012301,769665113.00,500,777160725.00,494,109.61,-0.020290
1982-07-30,-0.020211,-0.022070,-0.015225,-0.017399,743612136.00,500,760186290.00,496,107.09,-0.022991
1982-08-31,0.127359,0.116582,0.129514,0.121904,841420395.00,500,742897852.00,495,119.51,0.115977
1982-09-30,0.010452,0.007671,0.016607,0.012847,851212632.00,500,840483758.00,497,120.42,0.007614
1982-10-29,0.113727,0.111089,0.143295,0.140688,947740073.00,500,849878809.00,497,133.71,0.110364
1982-11-30,0.045419,0.037213,0.059638,0.054152,983365521.00,500,946115339.00,499,138.54,0.036123
1982-12-31,0.016671,0.014566,0.015290,0.012220,1006322600.00,500,978561994.00,498,140.64,0.015158
1983-01-31,0.035297,0.033321,0.035275,0.033181,1039979280.00,500,1006322600.00,500,145.30,0.033134
1983-02-28,0.025747,0.018552,0.041162,0.036311,1056784080.00,500,1037248650.00,498,148.06,0.018995
1983-03-31,0.035427,0.032411,0.051405,0.047976,1095174060.00,500,1056212020.00,499,152.96,0.033095
1983-04-29,0.075719,0.074655,0.068731,0.067365,1176235190.00,500,1094440010.00,499,164.42,0.074922
1983-05-31,-0.005687,-0.012100,0.025788,0.020797,1165217990.00,500,1174379240.00,498,162.39,-0.012346
1983-06-30,0.036970,0.033719,0.031633,0.028802,1211352890.00,500,1164623730.00,499,168.11,0.035224
1983-07-29,-0.031263,-0.032347,-0.026556,-0.027938,1174219920.00,500,1211217330.00,498,162.56,-0.033014
1983-08-31,0.015930,0.009546,0.004742,-0.000141,1187214840.00,500,1173137510.00,498,164.40,0.011319
1983-09-30,0.014057,0.010779,0.025777,0.022934,1208335440.00,500,1185383680.00,496,166.07,0.010158
1983-10-31,-0.013163,-0.014752,-0.018897,-0.020718,1192555910.00,500,1207309440.00,499,163.55,-0.015174
1983-11-30,0.023846,0.017363,0.047169,0.042412,1214791050.00,500,1192555910.00,500,166.40,0.017426
1983-12-30,-0.006271,-0.009334,-0.009149,-0.012007,1249077630.00,500,1208552470.00,497,164.93,-0.008834
1984-01-31,-0.003898,-0.005657,-0.013908,-0.015610,1241600170.00,500,1249077630.00,500,163.41,-0.009216
1984-02-29,-0.034024,-0.039493,-0.047427,-0.051683,1137430700.00,500,1230126590.00,495,157.06,-0.038859
1984-03-30,0.017387,0.013796,0.022624,0.019319,1155048730.00,500,1137052160.00,495,159.18,0.013498
1984-04-30,0.006880,0.005329,-0.008451,-0.010187,1160784230.00,500,1154372870.00,497,160.05,0.005466
1984-05-31,-0.053262,-0.059692,-0.059061,-0.063796,1094470780.00,500,1160784230.00,498,150.55,-0.059356
1984-06-29,0.022959,0.018722,0.031475,0.027744,1100459790.00,500,1079842220.00,497,153.18,0.017469
1984-07-31,-0.013827,-0.015711,-0.029455,-0.031415,1087618390.00,500,1099723410.00,497,150.66,-0.016451
1984-08-31,0.112294,0.105602,0.127857,0.122644,1200703690.00,500,1084931310.00,498,166.68,0.106332
1984-09-28,-0.000053,-0.003281,0.003578,0.000632,1197100670.00,500,1199971780.00,498,166.10,-0.003480
1984-10-31,0.003369,0.000241,0.000053,-0.002199,1193390380.00,500,1188145260.00,495,166.09,-0.000060
1984-11-30,-0.009888,-0.015005,-0.003237,-0.007502,1173894250.00,500,1188725430.00,496,163.58,-0.015112
1984-12-31,0.025471,0.021755,0.024447,0.020971,1197609540.00,500,1172101470.00,498,167.24,0.022374
1985-01-31,0.076829,0.074694,0.094629,0.092691,1285818410.00,500,1194079330.00,497,179.63,0.074085
1985-02-28,0.014154,0.008878,0.009748,0.005847,1297564690.00,500,1285349010.00,499,181.19,0.008685
1985-03-29,-0.000636,-0.003980,-0.003593,-0.006656,1289551970.00,500,1296368440.00,499,180.66,-0.002925
1985-04-30,-0.003752,-0.005463,-0.012528,-0.014232,1285298480.00,500,1289551970.00,499,179.83,-0.004594
1985-05-31,0.062723,0.056817,0.066547,0.062346,1353227680.00,500,1281320330.00,496,189.55,0.054051
1985-06-28,0.015900,0.012755,0.014297,0.011384,1354417850.00,500,1334757040.00,499,191.85,0.012134
1985-07-31,-0.003261,-0.005179,0.009323,0.007534,1347352940.00,500,1352173420.00,499,190.92,-0.004848
1985-08-30,-0.006567,-0.011964,-0.008621,-0.012685,1329905880.00,500,1346436110.00,499,188.63,-0.011995
1985-09-30,-0.033237,-0.036186,-0.045047,-0.047608,1276501990.00,500,1317937080.00,496,182.08,-0.034724
1985-10-31,0.045038,0.042608,0.041353,0.039435,1333602110.00,500,1275983320.00,498,189.82,0.042509
1985-11-29,0.071722,0.066471,0.073637,0.069635,1410949630.00,500,1324230060.00,497,202.17,0.065062
1985-12-31,0.048061,0.045065,0.043328,0.040618,1480667030.00,500,1409186820.00,499,211.28,0.045061
1986-01-31,0.004683,0.002935,0.016084,0.014538,1484606310.00,500,1476898960.00,498,211.78,0.002367
1986-02-28,0.076430,0.071459,0.080644,0.077180,1589622680.00,500,1481662080.00,499,226.92,0.071489
1986-03-31,0.055832,0.053320,0.060394,0.058049,1671573890.00,500,1588343210.00,499,238.90,0.052794
1986-04-30,-0.013517,-0.015227,-0.020160,-0.021622,1642760880.00,500,1664841090.00,497,235.52,-0.014148
1986-05-30,0.054905,0.050380,0.056360,0.052982,1724749350.00,500,1640838000.00,497,247.35,0.050229
1986-06-30,0.015706,0.012927,0.001884,-0.002007,1748550190.00,500,1716941820.00,498,250.84,0.014110
1986-07-31,-0.057493,-0.059333,-0.075895,-0.077386,1652188980.00,500,1745048670.00,498,236.12,-0.058683
1986-08-29,0.074244,0.069899,0.077549,0.074174,1772686180.00,500,1650259340.00,498,252.93,0.071193
1986-09-30,-0.083267,-0.085689,-0.071357,-0.073267,1617006670.00,500,1768217360.00,499,231.32,-0.085439
1986-10-31,0.056302,0.053574,0.062346,0.059125,1700190900.00,500,1611140140.00,497,243.98,0.054729
1986-11-28,0.024840,0.019677,0.022278,0.018097,1731030070.00,500,1696458300.00,499,249.22,0.021477
1986-12-31,-0.027613,-0.030276,-0.032673,-0.035052,1673969690.00,500,1725301460.00,496,242.17,-0.028288
1987-01-30,0.135156,0.133696,0.141013,0.139706,1903806490.00,500,1673969690.00,499,274.08,0.131767
1987-02-27,0.041481,0.037540,0.058723,0.056036,1974781120.00,500,1898405500.00,498,284.20,0.036924
1987-03-31,0.026220,0.023716,0.019326,0.017149,2023149540.00,500,1971005630.00,498,291.70,0.026390
1987-04-30,-0.009133,-0.011179,-0.012826,-0.015518,2004505370.00,500,2021251630.00,498,288.36,-0.011450
1987-05-29,0.009140,0.005210,0.012893,0.010114,2014116250.00,500,2003847590.00,499,290.10,0.006034
1987-06-30,0.050109,0.047624,0.043888,0.041597,2103716950.00,500,1995713190.00,497,304.00,0.047915
1987-07-31,0.049748,0.047784,0.064826,0.062376,2204747480.00,500,2099730740.00,497,318.66,0.048224
1987-08-31,0.038987,0.035316,0.029189,0.026419,2291539780.00,500,2200958520.00,496,329.80,0.034959
1987-09-30,-0.021989,-0.024129,-0.016531,-0.018771,2241474230.00,500,2289419070.00,499,321.83,-0.024166
1987-10-30,-0.215816,-0.217967,-0.256293,-0.258010,1752282500.00,500,2238657580.00,498,251.79,-0.217630
1987-11-30,-0.081874,-0.086541,-0.062283,-0.065983,1600625140.00,500,1752282500.00,500,230.30,-0.085349
1987-12-31,0.073520,0.070629,0.092911,0.090178,1711657220.00,500,1597073330.00,498,247.08,0.072861
1988-01-29,0.042712,0.041086,0.050075,0.048666,1779388160.00,500,1711657220.00,500,257.07,0.040432
1988-02-29,0.047170,0.040307,0.073911,0.069144,1849150230.00,500,1778957370.00,499,267.82,0.041817
1988-03-31,-0.030890,-0.033412,-0.007723,-0.009985,1783600710.00,500,1848399990.00,499,258.89,-0.033343
1988-04-29,0.010142,0.008417,0.002636,0.001363,1810206540.00,500,1783108840.00,499,261.33,0.009425
1988-05-31,0.007958,0.002847,0.004351,0.000512,1811159240.00,500,1806124080.00,498,262.16,0.003176
1988-06-30,0.047411,0.044799,0.059734,0.057440,1880035460.00,500,1808133620.00,498,273.50,0.043256
1988-07-29,-0.004443,-0.007380,-0.010681,-0.014685,1867345360.00,500,1880035460.00,500,272.02,-0.005411
1988-08-31,-0.032518,-0.037320,-0.033351,-0.037084,1796903750.00,500,1867345360.00,500,261.52,-0.038600
1988-09-30,0.042739,0.040086,0.041666,0.039429,1864651110.00,500,1796903750.00,500,271.91,0.039729
1988-10-31,0.026890,0.023327,0.013777,0.010869,1909704860.00,500,1863808070.00,499,278.97,0.025964
1988-11-30,-0.014312,-0.019730,-0.022785,-0.027518,1869942410.00,500,1909704860.00,499,273.70,-0.018891
1988-12-30,0.018493,0.015123,0.027548,0.024401,1873261790.00,500,1855389980.00,498,277.72,0.014688
1989-01-31,0.072350,0.069676,0.071278,0.068748,1995895570.00,500,1867038420.00,498,297.47,0.071115
1989-02-28,-0.024394,-0.028498,-0.011100,-0.014604,1916452910.00,500,1995160060.00,499,288.86,-0.028944
1989-03-31,0.023102,0.020563,0.020602,0.018314,1957844650.00,500,1913008780.00,499,294.87,0.020806
1989-04-28,0.051557,0.049756,0.049265,0.048029,2054123610.00,500,1957140620.00,498,309.64,0.050090
1989-05-31,0.041031,0.035459,0.047255,0.042338,2127029740.00,500,2052360570.00,499,320.52,0.035138
1989-06-30,-0.005608,-0.007924,-0.006742,-0.008837,2108810760.00,500,2127029740.00,499,317.98,-0.007925
1989-07-31,0.089834,0.087967,0.082337,0.080941,2291840670.00,500,2097880170.00,498,346.08,0.088370
1989-08-31,0.018987,0.014672,0.026007,0.022535,2319747940.00,500,2291840670.00,500,351.45,0.015517
1989-09-29,-0.004036,-0.006648,-0.015976,-0.019795,2303271950.00,500,2319472960.00,499,349.15,-0.006544
1989-10-31,-0.023580,-0.025609,-0.046587,-0.048114,2245974590.00,500,2290951680.00,499,340.36,-0.025175
1989-11-30,0.020479,0.016641,0.012291,0.008920,2283429520.00,500,2245974590.00,500,345.99,0.016541
1989-12-29,0.022650,0.019981,0.015138,0.012612,2331045780.00,500,2281894840.00,498,353.40,0.021417
1990-01-31,-0.067661,-0.069407,-0.073185,-0.074576,2169257170.00,500,2331045780.00,500,329.08,-0.068817
1990-02-28,0.013381,0.008986,0.014022,0.010310,2189175420.00,500,2167660830.00,499,331.89,0.008539
1990-03-30,0.026459,0.024237,0.031584,0.029315,2235390660.00,500,2189175420.00,500,339.94,0.024255
1990-04-30,-0.024504,-0.026508,-0.040596,-0.042154,2174598700.00,500,2235390660.00,500,330.80,-0.026887
1990-05-31,0.097385,0.092373,0.096257,0.092142,2374490580.00,500,2174598700.00,500,361.23,0.091989
1990-06-29,-0.006752,-0.008917,-0.014635,-0.016892,2349498440.00,500,2374490580.00,500,358.02,-0.008886
1990-07-31,-0.004454,-0.006508,-0.024605,-0.026190,2334209120.00,500,2349498440.00,500,356.15,-0.005223
1990-08-31,-0.090846,-0.094945,-0.112709,-0.116635,2112582920.00,500,2332464690.00,498,322.56,-0.094314
1990-09-28,-0.049015,-0.051270,-0.075273,-0.077370,2002928580.00,500,2110999440.00,499,306.05,-0.051184
1990-10-31,-0.003595,-0.006110,-0.036431,-0.038535,1991168900.00,500,2002328170.00,499,304.00,-0.006698
1990-11-30,0.064561,0.059897,0.092115,0.087744,2110446020.00,500,1991168900.00,500,322.22,0.059934
1990-12-31,0.027906,0.024871,0.039769,0.036632,2157632800.00,500,2110446020.00,500,330.22,0.024828
1991-01-31,0.045023,0.043084,0.081225,0.079593,2252386090.00,500,2157632800.00,500,343.93,0.041518
1991-02-28,0.071537,0.067349,0.084263,0.080580,2405166440.00,500,2252386090.00,500,367.07,0.067281
1991-03-28,0.024354,0.022312,0.030853,0.028634,2467384060.00,500,2405166440.00,500,375.22,0.022203
1991-04-30,0.002199,0.000148,0.002845,0.001178,2468691450.00,500,2467384060.00,500,375.35,0.000346
1991-05-31,0.042943,0.038768,0.054408,0.050871,2564421530.00,500,2466863430.00,499,389.83,0.038577
1991-06-28,-0.045357,-0.047498,-0.049743,-0.051792,2450413650.00,500,2564421530.00,500,371.16,-0.047893
1991-07-31,0.046526,0.044799,0.041944,0.040443,2562517660.00,500,2450413650.00,500,387.81,0.044859
1991-08-30,0.023885,0.019912,0.022633,0.018944,2613522050.00,500,2562517660.00,500,395.43,0.019649
1991-09-30,-0.016985,-0.019188,-0.019407,-0.021267,2576043750.00,500,2606458960.00,499,387.86,-0.019144
1991-10-31,0.013458,0.011899,0.010790,0.009445,2607206870.00,500,2576043750.00,500,392.46,0.011860
1991-11-29,-0.040317,-0.044092,-0.051016,-0.054380,2503675760.00,500,2607089270.00,498,375.22,-0.043928
1991-12-31,0.114089,0.111476,0.113619,0.111208,2789110760.00,500,2503675760.00,500,417.09,0.111588
1992-01-31,-0.017928,-0.019243,0.018261,0.017050,2745911680.00,500,2782496490.00,498,408.79,-0.019900
1992-02-28,0.012826,0.009403,0.029786,0.026730,2773359970.00,500,2745911680.00,500,412.70,0.009565
1992-03-31,-0.019470,-0.021873,-0.020264,-0.022422,2728268260.00,500,2773359970.00,500,403.69,-0.021832
1992-04-30,0.028672,0.027214,0.016729,0.015427,2799309950.00,500,2723320390.00,499,414.95,0.027893
1992-05-29,0.004850,0.001087,0.001930,-0.001292,2802423500.00,500,2799309950.00,500,415.35,0.000964
1992-06-30,-0.015030,-0.017545,-0.020451,-0.022667,2771525140.00,500,2802423500.00,500,408.14,-0.017359
1992-07-31,0.041152,0.039689,0.041223,0.039976,2886309510.00,500,2771525140.00,500,424.21,0.039374
1992-08-31,-0.020730,-0.024332,-0.028940,-0.032146,2818496900.00,500,2886309510.00,500,414.03,-0.023998
1992-09-30,0.011340,0.008916,0.018991,0.016985,2846183180.00,500,2818496900.00,500,417.80,0.009106
1992-10-30,0.004724,0.003382,0.020254,0.019178,2857804680.00,500,2845544270.00,499,418.68,0.002106
1992-11-30,0.033794,0.030069,0.044229,0.040785,2943785130.00,500,2857804680.00,500,431.35,0.030262
1992-12-31,0.013380,0.011197,0.022532,0.020620,2985091950.00,500,2943785130.00,500,435.71,0.010108
1993-01-29,0.007282,0.005964,0.022706,0.021733,3002993400.00,500,2985091950.00,500,438.78,0.007046
1993-02-26,0.013526,0.010361,0.010886,0.008018,3034142190.00,500,3002993400.00,500,443.38,0.010484
1993-03-31,0.021330,0.018707,0.027689,0.025299,3101305850.00,500,3034142190.00,500,451.67,0.018697
1993-04-30,-0.024519,-0.025780,-0.021945,-0.022986,3021410410.00,500,3101305850.00,500,440.19,-0.025417
1993-05-28,0.026259,0.022549,0.031630,0.028380,3089518660.00,500,3021410410.00,500,450.19,0.022717
1993-06-30,0.003466,0.001095,0.003477,0.001367,3107724070.00,500,3089518660.00,500,450.53,0.000755
1993-07-30,-0.004686,-0.006007,-0.001190,-0.002257,3095027090.00,500,3107724070.00,500,448.13,-0.005327
1993-08-31,0.037431,0.033957,0.040022,0.036714,3200756680.00,500,3095027090.00,500,463.56,0.034432
1993-09-30,-0.007670,-0.009931,-0.006368,-0.008168,3176271090.00,500,3197349670.00,499,458.93,-0.009988
1993-10-29,0.020142,0.018845,0.020101,0.019095,3244481480.00,500,3173708410.00,497,467.83,0.019393
1993-11-30,-0.008617,-0.012047,-0.008522,-0.011759,3212582540.00,500,3242508500.00,499,461.79,-0.012911
1993-12-31,0.012241,0.010209,0.022884,0.021145,3258608580.00,500,3212582540.00,500,466.45,0.010091
1994-01-31,0.033602,0.032122,0.038118,0.036878,3373853650.00,500,3258608580.00,500,481.61,0.032501
1994-02-28,-0.027161,-0.030121,-0.017379,-0.020103,3282927660.00,500,3373853650.00,500,467.14,-0.030045
1994-03-31,-0.043361,-0.045639,-0.043414,-0.045369,3138972940.00,500,3282927660.00,500,445.77,-0.045746
1994-04-29,0.012468,0.011121,0.004282,0.003228,3182866410.00,500,3136764380.00,499,450.91,0.011531
1994-05-31,0.016309,0.012559,0.012087,0.008621,3221406980.00,500,3182866410.00,500,456.51,0.012419
1994-06-30,-0.024590,-0.026960,-0.021865,-0.023721,3161937000.00,500,3221406980.00,500,444.27,-0.026812
1994-07-29,0.032836,0.031502,0.033933,0.032788,3268304340.00,500,3161937000.00,500,458.25,0.031467
1994-08-31,0.041341,0.037990,0.052232,0.048938,3393734830.00,500,3268304340.00,500,475.50,0.037643
1994-09-30,-0.024269,-0.026572,-0.026641,-0.028450,3319353130.00,500,3379188490.00,498,462.71,-0.026898
1994-10-31,0.022738,0.021169,0.012270,0.010881,3392220690.00,500,3318069340.00,499,472.35,0.020834
1994-11-30,-0.036248,-0.039423,-0.043415,-0.046398,3257204680.00,500,3392220690.00,500,453.69,-0.039505
1994-12-30,0.014780,0.012240,0.016158,0.013862,3301191860.00,500,3257204680.00,500,459.27,0.012299
1995-01-31,0.026000,0.024348,0.021154,0.019698,3382004240.00,500,3301191860.00,500,470.42,0.024278
1995-02-28,0.039285,0.036390,0.044020,0.041165,3506468620.00,500,3377840360.00,499,487.39,0.036074
1995-03-31,0.029228,0.027063,0.029191,0.027284,3612503300.00,500,3501929700.00,499,500.71,0.027329
1995-04-28,0.029400,0.027920,0.023978,0.022676,3709079450.00,500,3612503300.00,500,514.71,0.027960
1995-05-31,0.039649,0.036283,0.035023,0.031838,3856765310.00,500,3704317580.00,497,533.40,0.036312
1995-06-30,0.024155,0.022198,0.025803,0.024140,3943476460.00,500,3856765310.00,500,544.75,0.021279
1995-07-31,0.033478,0.032089,0.033757,0.032530,4079536800.00,500,3940081640.00,498,562.06,0.031776
1995-08-31,0.003397,0.000540,0.007476,0.004547,4083074050.00,500,4078616550.00,499,561.88,-0.000320
1995-09-29,0.041980,0.040057,0.024569,0.022946,4253839440.00,500,4078757780.00,499,584.41,0.040098
1995-10-31,-0.003533,-0.004957,-0.024563,-0.025797,4245197640.00,500,4253839440.00,500,581.50,-0.004979
1995-11-30,0.044357,0.041507,0.051253,0.048319,4434004940.00,500,4231276420.00,498,605.37,0.041049
1995-12-29,0.017983,0.016150,0.014144,0.012266,4520478250.00,500,4414397530.00,497,615.93,0.017444
1996-01-31,0.034971,0.033522,0.030936,0.029529,4690897410.00,500,4514314680.00,499,636.02,0.032617
1996-02-29,0.010178,0.007776,0.012987,0.010557,4734938920.00,500,4671103050.00,499,640.43,0.006934
1996-03-29,0.009399,0.007676,0.019275,0.017632,4780433960.00,500,4732420530.00,499,645.50,0.007917
1996-04-30,0.014950,0.013677,0.028022,0.026942,4856102560.00,500,4745490610.00,497,654.17,0.013431
1996-05-31,0.025378,0.022649,0.013497,0.010855,4969866370.00,500,4856102560.00,500,669.12,0.022853
1996-06-28,0.004128,0.002562,-0.009331,-0.010898,4987787350.00,500,4969866370.00,500,670.63,0.002257
1996-07-31,-0.044562,-0.046167,-0.057083,-0.058313,4761953990.00,500,4980114190.00,499,639.95,-0.045748
1996-08-30,0.021937,0.019591,0.032894,0.030443,4865735200.00,500,4761953990.00,500,651.99,0.018814
1996-09-30,0.055909,0.053984,0.049636,0.047935,5129829190.00,500,4857312820.00,498,687.31,0.054173
1996-10-31,0.026836,0.025376,0.013605,0.012285,5274840940.00,500,5129829190.00,500,705.27,0.026131
1996-11-29,0.076417,0.074193,0.070101,0.067892,5664657020.00,500,5274840940.00,500,757.02,0.073376
1996-12-31,-0.019870,-0.021589,-0.016865,-0.018572,5545322430.00,500,5640416290.00,497,740.74,-0.021505
1997-01-31,0.063191,0.062055,0.039939,0.038916,5921447970.00,500,5535346860.00,499,786.16,0.061317
1997-02-28,0.007752,0.005800,0.013457,0.011391,5957281530.00,500,5921447970.00,500,790.82,0.005928
1997-03-31,-0.041688,-0.043310,-0.035143,-0.036683,5703113550.00,500,5957281530.00,500,757.12,-0.042614
1997-04-30,0.060332,0.059073,0.032197,0.030926,6032151470.00,500,5686944430.00,499,801.34,0.058406
1997-05-30,0.061243,0.059114,0.073584,0.071405,6386661630.00,500,6030211090.00,499,848.28,0.058577
1997-06-30,0.043996,0.042652,0.038354,0.036828,6668015310.00,500,6358889490.00,496,885.14,0.043453
1997-07-31,0.080108,0.078699,0.078985,0.077862,7220558480.00,500,6660602700.00,499,954.29,0.078123
1997-08-29,-0.055088,-0.056577,-0.028208,-0.029962,6853123510.00,500,7166419590.00,495,899.47,-0.057446
1997-09-30,0.054028,0.052549,0.052056,0.050575,7233836860.00,500,6847565200.00,498,947.28,0.053154
1997-10-31,-0.032783,-0.033909,-0.043726,-0.044775,6991514030.00,500,7231139220.00,499,914.62,-0.034478
1997-11-28,0.046091,0.044394,0.030466,0.028600,7308394530.00,500,6983175700.00,499,955.40,0.044587
1997-12-31,0.016577,0.015133,0.013564,0.012042,7440534250.00,500,7295631210.00,498,970.43,0.015732
1998-01-30,0.012100,0.011190,-0.002578,-0.003397,7545938650.00,500,7424775510.00,498,980.28,0.010150
1998-02-27,0.071930,0.070276,0.078820,0.076987,8078896740.00,500,7536567770.00,499,1049.34,0.070449
1998-03-31,0.051336,0.050104,0.050179,0.048835,8498184000.00,500,8078896740.00,500,1101.75,0.049946
1998-04-30,0.011362,0.010314,0.004446,0.003460,8580996930.00,500,8471407560.00,497,1111.75,0.009076
1998-05-29,-0.017723,-0.019256,-0.025154,-0.026772,8433892020.00,500,8576785140.00,499,1090.82,-0.018826
1998-06-30,0.040864,0.039693,0.010560,0.009178,8831046660.00,500,8400017510.00,497,1133.84,0.039438
1998-07-31,-0.010221,-0.011230,-0.044882,-0.045753,8797989770.00,500,8797471820.00,496,1120.67,-0.011615
1998-08-31,-0.143465,-0.144840,-0.149185,-0.151006,7558790250.00,500,8783777670.00,497,957.28,-0.145797
1998-09-30,0.063037,0.061494,0.059883,0.058180,8041223980.00,500,7522851180.00,497,1017.01,0.062396
1998-10-30,0.080725,0.079761,0.090119,0.089149,8749887020.00,500,7927282340.00,493,1098.67,0.080294
1998-11-30,0.062037,0.060551,0.050089,0.048219,9258095600.00,500,8686225200.00,497,1163.63,0.059126
1998-12-31,0.058602,0.057379,0.027224,0.025669,9806834360.00,500,9240430850.00,499,1229.23,0.056375
1999-01-29,0.042678,0.041870,0.010733,0.009925,10304050000.00,500,9721534360.00,497,1279.64,0.041009
1999-02-26,-0.031935,-0.033156,-0.019371,-0.021184,9970562320.00,500,10304050000.00,500,1238.33,-0.032283
1999-03-31,0.039031,0.037828,0.021899,0.020256,10346675700.00,500,9934758770.00,497,1286.37,0.038794
1999-04-30,0.037603,0.036814,0.097398,0.096420,10775531900.00,500,10333371400.00,498,1335.18,0.037944
1999-05-28,-0.023189,-0.024866,-0.001357,-0.003283,10532289500.00,500,10761546000.00,498,1301.84,-0.024970
1999-06-30,0.054055,0.053025,0.038683,0.037318,11072717000.00,500,10431210200.00,495,1372.71,0.054438
1999-07-30,-0.030412,-0.031278,-0.034691,-0.035594,10754251100.00,500,11057944500.00,498,1328.72,-0.032046
1999-08-31,-0.005055,-0.006298,-0.022214,-0.023930,10701731700.00,500,10744261000.00,498,1320.41,-0.006254
1999-09-30,-0.028142,-0.029320,-0.039595,-0.041084,10405598100.00,500,10685682200.00,498,1282.71,-0.028552
1999-10-29,0.064121,0.063395,0.029410,0.028439,11122321200.00,500,10306337400.00,495,1362.93,0.062539
1999-11-30,0.020624,0.019346,-0.002241,-0.004163,11374474100.00,499,11109266200.00,497,1388.91,0.019062
1999-12-31,0.057560,0.056524,0.041047,0.039374,12162564200.00,500,11279018800.00,497,1469.25,0.057844
2000-01-31,-0.050119,-0.050788,-0.058702,-0.059641,11585858300.00,500,12133997800.00,497,1394.46,-0.050904
2000-02-29,-0.017458,-0.018666,-0.045099,-0.047119,11378141900.00,500,11585858300.00,500,1366.42,-0.020108
2000-03-31,0.098478,0.097420,0.109748,0.107804,12528639600.00,500,11378141900.00,500,1498.58,0.096720
2000-04-28,-0.031305,-0.032034,0.008249,0.007178,12220357700.00,500,12470234300.00,498,1452.43,-0.030796
2000-05-31,-0.022362,-0.023680,0.016369,0.014074,11981203300.00,500,12170180500.00,497,1420.60,-0.021915
2000-06-30,0.025326,0.024599,-0.023380,-0.024801,12344652100.00,500,11810638300.00,494,1454.60,0.023934
2000-07-31,-0.012496,-0.013269,0.003621,0.002566,12315569400.00,500,12235637800.00,497,1430.83,-0.016341
2000-08-31,0.062512,0.061193,0.073509,0.071108,13106687900.00,500,12311587000.00,499,1517.68,0.060699
2000-09-29,-0.052088,-0.052795,-0.013813,-0.015103,12457313900.00,500,13106687900.00,500,1436.51,-0.053483
2000-10-31,-0.003935,-0.004646,0.020543,0.019597,12421438000.00,500,12420499200.00,496,1429.40,-0.004949
2000-11-30,-0.078437,-0.079731,-0.047102,-0.049293,11451279300.00,500,12380667100.00,495,1314.95,-0.080069
2000-12-29,0.005192,0.004331,0.070041,0.068769,11565398900.00,500,11379882900.00,495,1320.28,0.004053
2001-01-31,0.032267,0.031447,0.052658,0.051864,12014544500.00,500,11456473500.00,497,1366.01,0.034637
2001-02-28,-0.090948,-0.092128,-0.044689,-0.046414,10939528400.00,500,11985091000.00,498,1239.94,-0.092291
2001-03-30,-0.063794,-0.064676,-0.050126,-0.051316,10251553800.00,500,10932148200.00,499,1160.33,-0.064205
2001-04-30,0.077627,0.076782,0.084420,0.083705,11089346400.00,500,10246293200.00,499,1249.46,0.076814
2001-05-31,0.006815,0.005285,0.017479,0.015664,11160443700.00,500,11089346400.00,500,1255.82,0.005090
2001-06-29,-0.024622,-0.025301,-0.016133,-0.017159,10894556800.00,500,11138747700.00,498,1224.42,-0.025004
2001-07-31,-0.009799,-0.010734,-0.009160,-0.009896,10796170700.00,500,10894556800.00,500,1211.23,-0.010772
2001-08-31,-0.063175,-0.064678,-0.043748,-0.045494,10134138100.00,500,10761422500.00,498,1133.58,-0.064108
2001-09-28,-0.080494,-0.081488,-0.125203,-0.126261,9316520260.00,500,10112791100.00,498,1040.94,-0.081723
2001-10-31,0.019677,0.018686,0.041749,0.040971,9520542380.00,500,9280663660.00,499,1059.78,0.018099
2001-11-30,0.077537,0.076009,0.099959,0.098253,10243197700.00,500,9515802620.00,499,1139.45,0.075176
2001-12-31,0.008923,0.007730,0.030046,0.028760,10348785900.00,500,10230820900.00,498,1148.08,0.007574
2002-01-31,-0.014462,-0.015460,-0.003592,-0.004355,10210368200.00,500,10345725600.00,499,1130.20,-0.015574
2002-02-28,-0.019419,-0.020908,-0.010968,-0.012389,10004219400.00,500,10207395700.00,499,1106.73,-0.020766
2002-03-28,0.037572,0.036690,0.067365,0.066228,10377892700.00,500,10004219400.00,500,1147.39,0.036739
2002-04-30,-0.061001,-0.061826,-0.036342,-0.036988,9741287380.00,500,10377892700.00,500,1076.92,-0.061418
2002-05-31,-0.008074,-0.009714,-0.015040,-0.016615,9668888310.00,500,9724032380.00,499,1067.14,-0.009081
2002-06-28,-0.071505,-0.072768,-0.081656,-0.082842,8971928120.00,500,9668888310.00,500,989.81,-0.072465
2002-07-31,-0.076294,-0.077373,-0.109379,-0.110241,8318980140.00,500,8959594590.00,499,911.62,-0.078995
2002-08-30,0.006915,0.005254,0.010293,0.008707,8351792090.00,500,8318980140.00,500,916.07,0.004881
2002-09-30,-0.108846,-0.110292,-0.114942,-0.116248,7430543820.00,500,8336397300.00,499,815.29,-0.110013
2002-10-31,0.088599,0.087103,0.073063,0.071851,8075998860.00,500,7430543820.00,500,885.76,0.086436
2002-11-29,0.059219,0.057481,0.110454,0.108553,8512867790.00,500,8054924640.00,499,936.31,0.057070
2002-12-31,-0.058885,-0.060515,-0.051487,-0.053141,8002801760.00,500,8506171770.00,499,879.82,-0.060333
2003-01-31,-0.026579,-0.027860,-0.025525,-0.026377,7782234040.00,500,8002801760.00,500,855.70,-0.027415
2003-02-28,-0.015307,-0.017287,-0.022571,-0.024311,7648226810.00,500,7780197890.00,499,841.15,-0.017004
2003-03-31,0.010331,0.008989,0.004892,0.003386,7724580080.00,500,7633578170.00,498,848.18,0.008358
2003-04-30,0.082778,0.081465,0.103572,0.102445,8357157480.00,500,7668474020.00,499,916.92,0.081044
2003-05-30,0.053251,0.051508,0.096073,0.094441,8774327730.00,500,8357157480.00,500,963.59,0.050899
2003-06-30,0.012816,0.011351,0.007649,0.006213,8877396860.00,500,8774327730.00,500,974.50,0.011322
2003-07-31,0.017937,0.016509,0.028409,0.027339,9032998370.00,500,8876225110.00,499,990.31,0.016224
2003-08-29,0.019590,0.018007,0.044227,0.042670,9202045440.00,500,9032998370.00,500,1008.01,0.017873
2003-09-30,-0.010711,-0.012082,-0.016480,-0.017819,9132049160.00,500,9200357330.00,499,995.97,-0.011944
2003-10-31,0.055560,0.053970,0.070988,0.069986,9627940830.00,500,9132049160.00,500,1050.71,0.054962
2003-11-28,0.009215,0.007561,0.021136,0.019476,9705385380.00,500,9621898160.00,499,1058.20,0.007129
2003-12-31,0.051780,0.050107,0.053166,0.051498,10156561300.00,500,9705385380.00,500,1111.92,0.050765
2004-01-30,0.019078,0.017991,0.024211,0.023439,10338496000.00,500,10156561300.00,500,1131.13,0.017276
2004-02-27,0.014343,0.012659,0.020799,0.019336,10494719800.00,500,10331928300.00,499,1144.94,0.012209
2004-03-31,-0.015024,-0.016311,-0.005983,-0.007371,10352709700.00,500,10494719800.00,500,1126.21,-0.016359
2004-04-30,-0.015563,-0.016701,-0.024455,-0.025303,10225312000.00,500,10275494600.00,496,1107.30,-0.016791
2004-05-28,0.013679,0.012074,0.019621,0.018142,10345264300.00,500,10225312000.00,500,1120.68,0.012083
2004-06-30,0.019488,0.018019,0.030320,0.028934,10514279400.00,500,10345264300.00,500,1140.84,0.017989
2004-07-30,-0.032963,-0.034122,-0.043220,-0.044080,10175588400.00,500,10451398100.00,498,1101.72,-0.034291
2004-08-31,0.003806,0.002017,-0.003035,-0.004858,10202644100.00,500,10175588400.00,500,1104.24,0.002287
2004-09-30,0.010820,0.009349,0.027613,0.026305,10285563700.00,500,10192602100.00,499,1114.58,0.009364
2004-10-29,0.014922,0.013648,0.024394,0.023475,10400365400.00,500,10245220800.00,499,1130.20,0.014014
2004-11-30,0.040555,0.035565,0.058740,0.056880,10775860400.00,500,10385863000.00,499,1173.82,0.038595
2004-12-31,0.033772,0.032137,0.037548,0.035956,11174847000.00,500,10756299500.00,499,1211.92,0.032458
2005-01-31,-0.023824,-0.024749,-0.029473,-0.030169,10893939400.00,500,11174847000.00,500,1181.27,-0.025290
2005-02-28,0.021152,0.019015,0.020327,0.018756,11090951900.00,500,10893939400.00,500,1203.60,0.018903
2005-03-31,-0.017585,-0.019076,-0.013948,-0.015461,10900580800.00,500,11080085200.00,499,1180.59,-0.019118
2005-04-29,-0.018926,-0.020076,-0.030961,-0.031763,10683198400.00,500,10900580800.00,500,1156.85,-0.020109
2005-05-31,0.031994,0.030156,0.048563,0.047029,10972857600.00,500,10683198400.00,500,1191.50,0.029952
2005-06-30,0.001717,0.000139,0.014499,0.013112,10968272300.00,500,10972857600.00,500,1191.33,-0.000143
2005-07-29,0.037323,0.036119,0.051467,0.050617,11375061100.00,500,10950341400.00,497,1234.18,0.035968
2005-08-31,-0.009301,-0.011403,-0.011316,-0.012902,11254185300.00,500,11296539000.00,496,1220.33,-0.011222
2005-09-30,0.008067,0.006916,0.008281,0.007062,11328229800.00,500,11254185300.00,500,1228.81,0.006949
2005-10-31,-0.015705,-0.016732,-0.023615,-0.024486,11126639300.00,500,11263321700.00,497,1207.01,-0.017741
2005-11-30,0.038025,0.035407,0.043399,0.041342,11545923500.00,500,11110755700.00,499,1249.48,0.035186
2005-12-30,-0.000083,-0.001420,0.007974,0.006516,11534265500.00,500,11533321800.00,498,1248.29,-0.000952
2006-01-31,0.026495,0.025498,0.041060,0.040249,11786499400.00,500,11497783200.00,498,1280.08,0.025467
2006-02-28,0.002414,0.000152,0.002921,0.001334,11816345400.00,500,11770746600.00,497,1280.66,0.000453
2006-03-31,0.012865,0.011468,0.017832,0.016420,11949724700.00,500,11816080500.00,499,1294.83,0.011065
2006-04-28,0.011773,0.010552,0.010636,0.009795,12120838900.00,500,11846727600.00,493,1310.61,0.012187
2006-05-31,-0.028334,-0.030534,-0.028646,-0.030301,11766925100.00,500,12120838900.00,500,1270.09,-0.030917
2006-06-30,0.001602,0.000362,-0.001919,-0.003230,11764522000.00,500,11748366200.00,497,1270.20,0.000087
2006-07-31,0.005565,0.004503,-0.014472,-0.015291,11792742300.00,500,11764522000.00,500,1276.66,0.005086
2006-08-31,0.024162,0.021688,0.031248,0.029520,12005081900.00,500,11776784600.00,499,1303.82,0.021274
2006-09-29,0.026487,0.025296,0.026354,0.025107,12287172200.00,500,12005081900.00,500,1335.85,0.024566
2006-10-31,0.032390,0.031281,0.036503,0.035338,12650036400.00,500,12263296500.00,499,1377.94,0.031508
2006-11-30,0.018234,0.015541,0.025144,0.022292,12854566800.00,500,12609312200.00,497,1400.63,0.016467
2006-12-29,0.013559,0.012080,0.007944,0.006376,13029473900.00,500,12819262300.00,497,1418.30,0.012616
2007-01-31,0.015331,0.014361,0.023924,0.023174,13216988300.00,500,12939725000.00,498,1438.24,0.014059
2007-02-28,-0.019335,-0.021647,-0.003252,-0.004703,12895749800.00,500,13185570900.00,496,1406.82,-0.021846
2007-03-30,0.011000,0.009611,0.007683,0.005357,13005460000.00,500,12834938200.00,497,1420.86,0.009980
2007-04-30,0.043961,0.042826,0.043207,0.041769,13537491500.00,500,12994634200.00,498,1482.37,0.043291
2007-05-31,0.034393,0.032085,0.032400,0.030811,13933484500.00,500,13523192400.00,499,1530.62,0.032549
2007-06-29,-0.016658,-0.017867,-0.018536,-0.019771,13663735800.00,500,13919716500.00,499,1503.35,-0.017816
2007-07-31,-0.030659,-0.031743,-0.043858,-0.044668,13193201500.00,500,13638515100.00,498,1455.27,-0.031982
2007-08-31,0.014992,0.012756,0.000535,-0.001348,13330873000.00,500,13185898500.00,499,1473.99,0.012864
2007-09-28,0.037536,0.035988,0.024528,0.023091,13769329400.00,500,13297132200.00,498,1526.75,0.035794
2007-10-31,0.016992,0.015919,0.012670,0.011827,13950967000.00,500,13691266700.00,494,1549.38,0.014822
2007-11-30,-0.041453,-0.043656,-0.049867,-0.051779,13292003200.00,500,13923614900.00,498,1481.14,-0.044043
2007-12-31,-0.006305,-0.008175,-0.017514,-0.019996,13192721100.00,500,13284296800.00,498,1468.36,-0.008628
2008-01-31,-0.060868,-0.062035,-0.044017,-0.044885,12349759000.00,500,13176073500.00,499,1378.55,-0.061163
2008-02-29,-0.031419,-0.033693,-0.029501,-0.031274,11878113100.00,500,12349759000.00,500,1330.63,-0.034761
2008-03-31,-0.003492,-0.005148,-0.013229,-0.015046,11811627200.00,500,11870725300.00,499,1322.70,-0.005960
2008-04-30,0.048629,0.047490,0.052409,0.051516,12355628500.00,500,11811627200.00,500,1385.59,0.047547
2008-05-30,0.012986,0.010708,0.025677,0.023675,12480087000.00,500,12355628500.00,500,1400.38,0.010674
2008-06-30,-0.083438,-0.085171,-0.102008,-0.103739,11454626800.00,500,12468709500.00,498,1280.00,-0.085962
2008-07-31,-0.007378,-0.008810,-0.004136,-0.005394,11345697700.00,500,11434622100.00,498,1267.38,-0.009859
2008-08-29,0.014987,0.012715,0.028561,0.026520,11492578600.00,500,11333179100.00,499,1282.83,0.012191
2008-09-30,-0.085915,-0.087735,-0.105573,-0.107455,10506424200.00,499,11466304700.00,496,1166.36,-0.090791
2008-10-31,-0.167162,-0.168640,-0.209466,-0.210585,8721274810.00,500,10489062300.00,498,968.75,-0.169425
2008-11-28,-0.073708,-0.076718,-0.107258,-0.110213,8037282260.00,500,8669301370.00,497,896.24,-0.074849
2008-12-31,0.011119,0.008359,0.043115,0.039753,8109042730.00,500,8025456830.00,498,903.25,0.007822
2009-01-30,-0.082390,-0.083818,-0.077569,-0.078446,7435705930.00,500,8062476910.00,495,825.88,-0.085657
2009-02-27,-0.103672,-0.107449,-0.117064,-0.119979,6617839300.00,500,7435705930.00,500,735.09,-0.109931
2009-03-31,0.087702,0.085621,0.110597,0.107869,7189263380.00,500,6617839300.00,500,797.87,0.085405
2009-04-30,0.094229,0.092549,0.185036,0.183745,7852224940.00,500,7173868450.00,499,872.81,0.093925
2009-05-29,0.054640,0.051848,0.062487,0.060109,8290729500.00,500,7852224940.00,500,919.14,0.053081
2009-06-30,0.002810,0.001017,-0.004083,-0.006063,8329679160.00,500,8290271580.00,499,919.32,0.000196
2009-07-31,0.074623,0.073241,0.093120,0.092237,8959336070.00,500,8323670770.00,499,987.48,0.074142
2009-08-31,0.034773,0.032275,0.057984,0.055828,9286963800.00,500,8957968830.00,499,1020.62,0.033560
2009-09-30,0.036603,0.035048,0.053385,0.051653,9666276590.00,500,9286963800.00,500,1057.08,0.035723
2009-10-30,-0.018010,-0.019210,-0.034112,-0.034863,9451783530.00,500,9601419520.00,499,1036.19,-0.019762
2009-11-30,0.060039,0.057387,0.053896,0.051307,9992814410.00,500,9405559470.00,499,1095.63,0.057364
2009-12-31,0.018741,0.017097,0.048009,0.046264,10238880300.00,500,9986543750.00,499,1115.10,0.017771
2010-01-29,-0.035785,-0.036815,-0.031059,-0.031717,9867600590.00,500,10231815900.00,499,1073.87,-0.036974
2010-02-26,0.030326,0.027900,0.043402,0.041306,10189933300.00,500,9824066070.00,497,1104.49,0.028514
2010-03-31,0.061070,0.059483,0.071333,0.069497,10842824200.00,500,10176985900.00,497,1169.43,0.058796
2010-04-30,0.015988,0.014968,0.028109,0.027402,11007604400.00,500,10836538600.00,499,1186.69,0.014759
2010-05-28,-0.080111,-0.082337,-0.073486,-0.075298,10104365700.00,500,11007604400.00,500,1089.41,-0.081976
2010-06-30,-0.053510,-0.055101,-0.061794,-0.063468,9545850680.00,500,10079390000.00,499,1030.71,-0.053882
2010-07-30,0.070475,0.068653,0.073569,0.071270,10192118400.00,500,9539853220.00,499,1101.60,0.068778
2010-08-31,-0.045470,-0.047881,-0.048331,-0.050288,9714331820.00,500,10181807400.00,499,1049.33,-0.047449
2010-09-30,0.090383,0.088751,0.104307,0.102651,10565213300.00,500,9714331820.00,500,1141.20,0.087551
2010-10-29,0.038726,0.037081,0.035946,0.034516,10950115500.00,500,10565213300.00,500,1183.26,0.036856
2010-11-30,-0.000101,-0.002623,0.008136,0.005878,10948613300.00,500,10945592500.00,499,1180.55,-0.002290
2010-12-31,0.067338,0.065527,0.073084,0.070876,11683073300.00,500,10948613300.00,500,1257.64,0.065300
2011-01-31,0.023360,0.022328,0.021919,0.021177,11992702700.00,500,11683073300.00,500,1286.12,0.022646
2011-02-28,0.032444,0.030185,0.040957,0.039097,12350222100.00,500,11988321700.00,499,1327.22,0.031957
2011-03-31,0.000607,-0.000889,0.009006,0.007426,12360935200.00,500,12342665100.00,499,1325.83,-0.001047
2011-04-29,0.029622,0.028535,0.031923,0.031110,12721312000.00,500,12326696400.00,497,1363.61,0.028495
2011-05-31,-0.011313,-0.013572,-0.005579,-0.007504,12546074800.00,500,12721312000.00,500,1345.20,-0.013501
2011-06-30,-0.016456,-0.018019,-0.018769,-0.020404,12311707600.00,500,12529821700.00,498,1320.64,-0.018258
2011-07-29,-0.019909,-0.021068,-0.035385,-0.036169,12076888400.00,500,12307478700.00,499,1292.28,-0.021474
2011-08-31,-0.054323,-0.056735,-0.063472,-0.065472,11372211800.00,500,12076888400.00,500,1218.89,-0.056791
2011-09-30,-0.069822,-0.071325,-0.090252,-0.091918,10547216800.00,500,11365905300.00,499,1131.42,-0.071762
2011-10-31,0.108836,0.107374,0.134192,0.133202,11666326100.00,500,10540927200.00,499,1253.30,0.107723
2011-11-30,-0.002627,-0.005451,-0.006205,-0.008704,11550649100.00,500,11666326100.00,500,1246.96,-0.005059
2011-12-30,0.009452,0.007634,0.001184,-0.000833,11651626700.00,500,11548093100.00,499,1257.60,0.008533
2012-01-31,0.045232,0.044029,0.056469,0.055658,12155929200.00,500,11651626700.00,500,1312.41,0.043583
2012-02-29,0.043341,0.040744,0.041965,0.039871,12624202000.00,500,12155929200.00,500,1365.68,0.040589
2012-03-30,0.032870,0.031284,0.023118,0.021253,13039494000.00,500,12616881900.00,499,1408.47,0.031332
2012-04-30,-0.006031,-0.007235,-0.007799,-0.008684,12936189900.00,500,13012208800.00,499,1397.91,-0.007497
2012-05-31,-0.059804,-0.062460,-0.071159,-0.073413,12122975400.00,500,12903488400.00,498,1310.33,-0.062651
2012-06-29,0.041467,0.039743,0.038329,0.036217,12600286300.00,500,12119956600.00,499,1362.16,0.039555
2012-07-31,0.014084,0.012815,0.002133,0.001221,12762979000.00,500,12566495600.00,498,1379.32,0.012598
2012-08-31,0.022744,0.019938,0.030790,0.028391,12981524900.00,500,12762979000.00,500,1406.58,0.019763
2012-09-28,0.025079,0.023503,0.024078,0.022292,13307014100.00,500,12981524900.00,500,1440.67,0.024236
2012-10-31,-0.017939,-0.019329,-0.006950,-0.008181,13042326200.00,500,13302109000.00,499,1412.16,-0.019789
2012-11-30,0.005326,0.002154,0.013640,0.010684,13053457900.00,500,13042326200.00,500,1416.18,0.002847
2012-12-31,0.008530,0.005924,0.024311,0.021248,13142271500.00,500,13041410200.00,499,1426.19,0.007068
2013-01-31,0.052243,0.050949,0.065639,0.064851,13808364900.00,500,13142271500.00,500,1498.11,0.050428
2013-02-28,0.013008,0.010505,0.012007,0.010029,13922280600.00,500,13808364900.00,500,1514.68,0.011061
2013-03-28,0.037584,0.036025,0.042925,0.040986,14436687900.00,500,13922280600.00,500,1569.19,0.035988
2013-04-30,0.019621,0.018482,0.015737,0.014960,14691831600.00,500,14436687900.00,500,1597.57,0.018086
2013-05-31,0.023142,0.020359,0.029112,0.026323,15008107900.00,500,14685155200.00,499,1630.74,0.020763
2013-06-28,-0.013587,-0.015254,-0.010453,-0.012456,14791521300.00,500,14984866800.00,499,1606.28,-0.014999
2013-07-31,0.050719,0.049333,0.055232,0.054320,15481333300.00,500,14770301200.00,499,1685.73,0.049462
2013-08-30,-0.029207,-0.031638,-0.027829,-0.029855,14967939700.00,500,15481333300.00,500,1632.97,-0.031298
2013-09-30,0.031508,0.029909,0.040407,0.038556,15425476800.00,500,14961410900.00,499,1681.55,0.029749
2013-10-31,0.046256,0.044939,0.042798,0.041807,16084261800.00,500,15401297400.00,499,1756.54,0.044596
2013-11-29,0.030789,0.028368,0.023667,0.021667,16530422500.00,500,16073555600.00,499,1805.81,0.028049
2013-12-31,0.025192,0.023432,0.029107,0.027088,17040676100.00,500,16526730000.00,499,1848.36,0.023563
2014-01-31,-0.034568,-0.035633,-0.029443,-0.030278,16410535500.00,500,17040676100.00,500,1782.59,-0.035583
2014-02-28,0.045757,0.043194,0.053918,0.051783,17141525900.00,500,16410535500.00,500,1859.45,0.043117
2014-03-31,0.008108,0.006588,0.007369,0.005491,17232591700.00,500,17141525900.00,500,1872.34,0.006932
2014-04-30,0.007190,0.006010,0.003168,0.002302,17338111900.00,501,17232591700.00,500,1883.95,0.006201
2014-05-30,0.023210,0.020793,0.022883,0.020872,17675521400.00,501,17317990700.00,499,1923.57,0.021030
2014-06-30,0.020623,0.019034,0.028643,0.026778,17997792100.00,501,17675521400.00,501,1960.23,0.019058
2014-07-31,-0.013886,-0.015191,-0.021819,-0.022758,17705580400.00,501,17970737100.00,500,1930.67,-0.015080
2014-08-29,0.039744,0.037411,0.042475,0.040452,18342510800.00,502,17705580400.00,501,2003.37,0.037655
2014-09-30,-0.013912,-0.015452,-0.025505,-0.027421,18057660200.00,502,18342510800.00,502,1972.29,-0.015514
2014-10-31,0.023972,0.022800,0.029874,0.028922,18434167500.00,502,18057660200.00,502,2018.05,0.023201
2014-11-28,0.027601,0.025127,0.024104,0.021626,18871755500.00,502,18434167500.00,502,2067.56,0.024534
2014-12-31,-0.002553,-0.004327,0.003489,0.001481,18847408800.00,502,18871755500.00,502,2058.90,-0.004189
2015-01-30,-0.029498,-0.030539,-0.028328,-0.029059,18291336700.00,502,18793002900.00,500,1994.99,-0.031041
2015-02-27,0.056976,0.054305,0.058577,0.056319,19233834700.00,502,18291336700.00,502,2104.50,0.054893
2015-03-31,-0.015438,-0.017073,-0.009422,-0.011349,18945863400.00,502,19143442100.00,499,2067.89,-0.017396
2015-04-30,0.009179,0.008081,0.004300,0.003381,19090457900.00,502,18945863400.00,502,2085.51,0.008521
2015-05-29,0.012522,0.010141,0.008756,0.006719,19246562600.00,502,19090457900.00,502,2107.39,0.010491
2015-06-30,-0.019341,-0.021019,-0.021922,-0.023768,18822415700.00,502,19214695900.00,500,2063.11,-0.021012
2015-07-31,0.021139,0.019939,0.007794,0.006888,19220137700.00,502,18716221700.00,498,2103.84,0.019742
2015-08-31,-0.060252,-0.062602,-0.054014,-0.055980,18012263100.00,502,19206626800.00,501,1972.18,-0.062581
2015-09-30,-0.024528,-0.026237,-0.033561,-0.035614,17566116800.00,505,17996704200.00,501,1920.03,-0.026443
2015-10-30,0.083537,0.082135,0.073994,0.072777,18961900200.00,505,17566116800.00,505,2079.36,0.082983
2015-11-30,0.003020,0.000454,0.002416,-0.000117,18963723800.00,506,18939776000.00,503,2080.41,0.000505
2015-12-31,-0.015236,-0.017066,-0.025168,-0.027277,18617395400.00,504,18926532100.00,504,2043.94,-0.017530
2016-01-29,-0.049122,-0.050273,-0.056126,-0.056991,17677853600.00,504,18587278700.00,503,1940.24,-0.050735
2016-02-29,-0.001641,-0.004359,0.012223,0.009912,17507959900.00,504,17607804800.00,501,1932.23,-0.004128
2016-03-31,0.067392,0.065193,0.081831,0.078860,18634390600.00,504,17487556800.00,502,2059.74,0.065991
2016-04-29,0.003709,0.002538,0.012899,0.012061,18690033000.00,505,18621543900.00,503,2065.30,0.002699
2016-05-31,0.018429,0.015822,0.014275,0.012056,18914293500.00,505,18585314400.00,500,2096.96,0.015329
2016-06-30,0.002683,0.001008,-0.000086,-0.002034,18902419700.00,505,18875671400.00,503,2098.86,0.000906
2016-07-29,0.036619,0.035373,0.043466,0.042663,19539744000.00,505,18877741400.00,502,2173.60,0.035610
2016-08-31,0.001247,-0.001396,0.002249,0.000066,19491364100.00,505,19539744000.00,505,2170.95,-0.001219
2016-09-30,0.000263,-0.001222,0.000518,-0.001352,19493888200.00,505,19393517600.00,502,2168.27,-0.001234
2016-10-31,-0.017963,-0.019211,-0.024239,-0.025279,19098854900.00,506,19493888200.00,505,2126.15,-0.019426
2016-11-30,0.035821,0.033039,0.051861,0.049589,19675340900.00,505,19098854900.00,506,2198.81,0.034174
2016-12-30,0.019172,0.017545,0.010571,0.008624,20013228000.00,505,19675340900.00,505,2238.83,0.018201
2017-01-31,0.019372,0.018298,0.021048,0.020273,20371809800.00,505,19982297300.00,503,2278.87,0.017884
2017-02-28,0.039393,0.036983,0.031489,0.029559,21074513100.00,505,20342591500.00,504,2363.64,0.037198
2017-03-31,0.001572,-0.000042,-0.001259,-0.003271,21090060200.00,505,21051184100.00,503,2362.72,-0.000389
2017-04-28,0.010517,0.009365,0.006435,0.005576,21303086200.00,505,21090060200.00,505,2384.20,0.009091
2017-05-31,0.014552,0.011920,0.004471,0.002333,21539204300.00,505,21303086200.00,505,2411.80,0.011576
2017-06-30,0.005940,0.004501,0.013598,0.011799,21614640700.00,505,21474567000.00,503,2423.41,0.004814
2017-07-31,0.020729,0.019193,0.015996,0.014504,21944725800.00,505,21521863400.00,504,2470.30,0.019349
2017-08-31,0.002239,-0.000326,-0.010324,-0.012593,21947284000.00,505,21931353800.00,504,2471.65,0.000546
2017-09-29,0.020127,0.018818,0.029596,0.027872,22371374100.00,505,21786198100.00,502,2519.36,0.019303
2017-10-31,0.024113,0.022987,0.010302,0.009423,22841910200.00,505,22371374100.00,505,2575.26,0.022188
2017-11-30,0.031389,0.028860,0.038786,0.036577,23487731800.00,505,22841910200.00,505,2647.58,0.028083
2017-12-29,0.011149,0.009851,0.013102,0.011375,23675105600.00,505,23463244500.00,504,2673.61,0.009832
2018-01-31,0.058083,0.057040,0.044780,0.043964,25029304500.00,505,23675105600.00,504,2823.81,0.056179
2018-02-28,-0.037661,-0.039702,-0.043355,-0.045061,23987621000.00,505,25029304500.00,505,2713.83,-0.038947
2018-03-29,-0.025583,-0.027219,-0.009534,-0.011842,23343477100.00,505,23978972000.00,504,2640.87,-0.026885
2018-04-30,0.003771,0.002656,0.003887,0.002995,23358084000.00,505,23336718400.00,504,2648.05,0.002719
2018-05-31,0.023625,0.021141,0.014936,0.012823,23844718600.00,505,23358084000.00,505,2705.27,0.021608
2018-06-29,0.006597,0.005262,0.010843,0.009028,23915147100.00,505,23714809400.00,503,2718.37,0.004842
2018-07-31,0.037157,0.035982,0.032330,0.031429,24729614800.00,505,23893158700.00,504,2816.29,0.036022
2018-08-31,0.032843,0.029978,0.019756,0.016297,25450302800.00,505,24729614800.00,505,2901.52,0.030263
2018-09-28,0.005105,0.003725,0.001482,-0.000348,25478910100.00,505,25435450600.00,504,2913.98,0.004294
2018-10-31,-0.068407,-0.069491,-0.071398,-0.072268,23738730600.00,505,25403938900.00,502,2711.74,-0.069403
2018-11-30,0.019776,0.017282,0.027518,0.025158,24036175900.00,505,23634182500.00,502,2760.17,0.017859
2018-12-31,-0.090653,-0.092199,-0.100587,-0.102556,21808021400.00,505,23978961000.00,502,2506.85,-0.091777
2019-01-31,0.081099,0.079714,0.099979,0.098965,23530103500.00,505,21801207100.00,504,2704.10,0.078684
2019-02-28,0.031686,0.029377,0.036476,0.034335,24149495400.00,505,23526430400.00,504,2784.49,0.029729
2019-03-29,0.019531,0.018007,0.009131,0.006997,24522773600.00,505,24056066100.00,503,2834.40,0.017924
2019-04-30,0.040557,0.039395,0.036783,0.035841,25431133500.00,505,24522773600.00,505,2945.83,0.039313
2019-05-31,-0.063187,-0.065503,-0.068451,-0.070743,23738809700.00,505,25431133500.00,505,2752.06,-0.065778
2019-06-28,0.069571,0.068066,0.076176,0.074191,25352208700.00,505,23738809700.00,505,2941.76,0.068930
2019-07-31,0.014434,0.013195,0.008628,0.007630,25756085000.00,505,25299290900.00,503,2980.38,0.013128
2019-08-30,-0.016137,-0.018431,-0.031631,-0.033978,25265737400.00,505,25719074300.00,504,2926.46,-0.018092
2019-09-30,0.018761,0.017241,0.033516,0.031359,25684765300.00,505,25241982100.00,504,2976.74,0.017181
2019-10-31,0.021526,0.020345,0.012903,0.011940,26196065100.00,505,25684765300.00,505,3037.56,0.020432
2019-11-29,0.036012,0.033782,0.034299,0.031835,27063281400.00,505,26119212500.00,504,3140.98,0.034047
2019-12-31,0.029830,0.028176,0.028886,0.026634,27851725900.00,505,27023305400.00,503,3230.78,0.028590
2020-01-31,-0.000004,-0.001241,-0.018024,-0.019021,27795610600.00,505,27835116400.00,504,3225.52,-0.001628
2020-02-28,-0.081872,-0.084080,-0.090756,-0.093623,25423196300.00,505,27795610600.00,505,2954.22,-0.084110
2020-03-31,-0.122014,-0.123703,-0.188497,-0.190964,22241555400.00,505,25423196300.00,505,2584.59,-0.125119
2020-04-30,0.129071,0.127833,0.147277,0.146139,25092774000.00,505,22205037800.00,504,2912.43,0.126844
2020-05-29,0.047651,0.045411,0.048093,0.045589,26245685700.00,505,25031138800.00,504,3044.31,0.045282
2020-06-30,0.020550,0.019086,0.014260,0.012274,26759418300.00,505,26245685700.00,505,3100.29,0.018388
2020-07-31,0.056910,0.055682,0.046928,0.045811,28251838400.00,505,26759418300.00,505,3271.12,0.055101
2020-08-31,0.072068,0.070308,0.045357,0.043174,30251978100.00,505,28251838400.00,505,3500.31,0.070065
2020-09-30,-0.038160,-0.039377,-0.025427,-0.027300,29069852400.00,505,30251978100.00,505,3363.00,-0.039228
2020-10-30,-0.026434,-0.027532,-0.006135,-0.007263,28309783100.00,505,29054642700.00,503,3269.96,-0.027666
2020-11-30,0.109404,0.107624,0.146694,0.144448,31348856900.00,505,28302266600.00,504,3621.63,0.107546
2020-12-31,0.038140,0.036681,0.041894,0.039924,33142102700.00,505,31348856900.00,505,3756.07,0.037121
